,受理番号,相談種別ID,【相談内容分類：ガイドブックmission1に準拠して】,,件名,相談内容,相談備考,対応状況,処置備考,【FAQ用】検索キーワード,案件項目【Mission1】,提示する対策項目【Mission2～4】,【FAQ用】標準回答（案）,【FAQ用】対策のための参考資料・サイト（ここからセキュリティ等を参照）
1,8,2,01.個別サイバーセキュリティ事象の相談【Mission１】,02.迷惑メール・スパムメール,成りすましメールと思われるものが来るので心配だ。,"自社のメールアドレスで、自社あてに成りすましメールと思われるものが来るので心配だ。
今のところ、社外からの苦情等は来ていない。

メールは自動削除されてしまっていて、内容はわからない。

自社にネットワークを構築
HPを公開
パソコンは１４台、ほかにファイルサーバ１台",本日、調布市商工会においてマイクロソフトとTcyssによるセキュリティセミナーが開催された際に「臨時相談窓口」を開設して対応したもの。,"メールアドレスが偽装されている可能性がある。
マルウエアによることも考えられるのですべてのＰＣとサーバをフルスキャンする。
バックアップを取ることをすすめた。

また、一度メールの自動削除を解除してどのようなメールが来るのか確認するように（添付ファイルがあっても開かないように）教示。メールヘッダで送信元がわかることともあると説明。

またIPAの「５分でできるセキュリティ診断」を実施して、社内のセキュリティ意識の向上を図るように説明した。",,,,,,
2,9,1,01.個別サイバーセキュリティ事象の相談【Mission１】,02.迷惑メール・スパムメール,迷惑メールが来る,"迷惑メールが自分のメールアドレスで会社の使用ＰＣに来る。
会社ではＰＣ１５台使用しているが他のＰＣには来ていない。
セキュリティソフトはソースネクスト社製を使用している。迷惑メールが来ると、そのセキュリティソフトから警告メッセージが画面に表示されるので、ＯutLookの迷惑メールフォルダを確認すると、件名不明英文、風俗関係の迷惑メールであった。
この迷惑メールは、一年前頃から発生している。
メールは開かず迷惑メールフォルダに保管された状態です。
セキュリティ上このＰＣは安全なのか教えてください。",業務兼個人用としてＰＣ（Ｗｉｎｄｏｗｓ７）使用している、Windows Updateは更新されているが、一部に業務上の計測機器専用ＰＣ９８が有る。,"現状はウィルス対策ソフト、Ｍｓ Ｕｐｄａｔ
ｅで保護されてると推定。
セキュリティ上安全確認の為に、ＰＣ全体のウィルススキャン等が必要と説明し、ＩＰＡ　「安心相談窓口」を紹介した。",,,,,,
3,13,1,01.個別サイバーセキュリティ事象の相談【Mission１】,02.迷惑メール・スパムメール,スパムメールが毎日５～１０通来て迷惑している、回避方法を教えてください。,"件名が不明なメール（外国語）がＰＣ迷惑メールフィルターに毎日数通くる。不明メールはクリックしないので、内容はわからない。
迷惑メール発生時期は、正確には不明。

【システム環境】
・ＰＣ一台でインターネットに接続。（ＤＳＵ）
・業務（ネットバンキング含む）、ＨＰ検索で使用
・導入セキュリティソフト、実施対策は、
　Ｗｉｎｄｏｕｗ１０　Ｕｐｄａｔｅ、ノートンセキュリティソフト、バックアップは不定期であるがＵＳＢへコピーしている。
・ネットバンキング先の要請で、ワンタイムパスワード、セキュリティ監視エージェント（ＩＢＭ社製）を導入している。",,"１．スパムメール対策として、
①契約しているプロバイダーへの対策相談を依頼
②ＩＰＡセキュリティ安心相談窓口を紹介",,,,,,
4,21,1,01.個別サイバーセキュリティ事象の相談【Mission１】,02.迷惑メール・スパムメール,"業務で使用しているＰＣと自分のスマホに大量の迷惑メール（約５００通）が送られてきた。送信元ドメイン（アドレス）は組合のドメインであった。
メールフィルターで削除しているが、ウイルス等の感染が心配です。","＜環境＞
・使用ＰＣは１台、レンタルサーバ業者にメール、ホームページ運用を委託。
・迷惑メールの件名は、組合ホームページからの問合せメール入力と同じケースが多い。
（一部英字名があった）
・ＰＣ　Windows7  MS/Update,セキュリティソフト（他社製品）を導入。
・ウイルス定義ファイルの更新はＰＣ使用時に行っている。（月１～２回程度）
・データバックアップは、外付ハードデスクを使用。",,"・迷惑メールへの調査と対応について、委託中のレンタルサーバ業者に問い合せを依頼。
・ウイルスチエック作業は毎週更新する必要性を説明。
・その他
「迷惑メール相談センター」、ＩＰＡを紹介。",,,,,,
5,25,4,01.個別サイバーセキュリティ事象の相談【Mission１】,02.迷惑メール・スパムメール,取引等関係のない会社からメールが送信されてきたが攻撃型ランサムウェアか心配、どうしたらよいか教えてもらいたい。,"１　昨日、大塚商会から「最近、池袋管内で攻撃型ランサムウェアの被害を受けた会社が５件あるので注意して下さい」との報告を受けた。
２　本日、当社宛てに、取引のない会社から不審なメールが送信されてきたが、攻撃型ランサムウェアかも分からないので心配、どうしたら良いか教えてもらいたい。",不審メール「ＫＪ－ＫＵＢＯ＠ＩＲＩＳ．ＥＯＮＥＴ．ＪＰ,"１　不審メールが、現時点ランサムウェアか否かの確認はできないが、不審なメールと判断した場合は、絶対開かず消去すること。
２　データは、ハードディスクにバックアップしておくこと。
３　従業員に対し、不審メールは絶対ひらかないよう指示教養を徹底すること。４　ウイルス対策ソフトの更新を徹底すること。",,,,,,
6,31,3,01.個別サイバーセキュリティ事象の相談【Mission１】,02.迷惑メール・スパムメール,迷惑ＦＡＸが多いので、回避方法を教えてください。,"夜間に迷惑メール（局番０６～）が配信される。
業務上局番０６～は不要であり、迷惑FAXZフイルターで削除している。
他に良い対策があれば、教えてください。",,・着信拒否方法を再確認し、NTTの電話回線の場合、受信側終端末（モデ、ルータ）での着信回避設定が可能な為、NTTサービス窓口への問合せを依頼。,,,,,,
7,36,1,01.個別サイバーセキュリティ事象の相談【Mission１】,02.迷惑メール・スパムメール,携帯に迷惑メールが来る,"携帯のショートメッセージで迷惑メールが３回（同一）来た。
今日中に、指定した電話番号【０３-６６３１-９１５５】に連絡して３万円振り込みなさい。振り込まない場合は法的手続行う等のメール文面。
運営会社DMM

まったく身に覚えがありません。
対応方法を教えてください。","（参考情報）
ネット検索でヒット

電話【０３－６６３１－９１５５】　運営会社DMM
迷惑メール架空請求詐欺","迷惑メールであることを説明。
電話でのコンタクト行わない事。
メールは無視すること。

携帯の迷惑メールフィルターに登録し
別の迷惑メールがさらに来るようであれば、携帯キャリア相談窓口へ携帯の持参を依頼した。",,,,,,
8,42,1,01.個別サイバーセキュリティ事象の相談【Mission１】,02.迷惑メール・スパムメール,不正メールが校内のPCに送付された。,"
・１１月１５日午前８時～１０時頃まで不正な送信元メール（多摩美術大学ネットワークセンター：存在せず）が７台のPCに送信されたのを確認。
・７台中２台のPCで開封クリックしPW、IDの入力が行われた。
・メールサーバのFWでログを確認し送信元URLをブロック、送信先の調査を暫定対応中。

当該PCのウイルス対策ソウフト（ウイルスバスター）は最新状態である。ウイルス検索調査では、ヒットせず。
メールサーバでの不正メールチェックでもヒットしなかった。
メール開封したPCについては、クリアインストールを指導中。

メール文面は、大学内情報を搾取し真正な文章構成になっている。

尚、警視庁サイバー犯罪対策課とIPAに届け済です。",,"今回の不正メールに関して、大学のセキュリティポリシーに基づき対応中との連絡である。
不正メール情報を外部への公開可否(不正メール抑止）については、大学のセキュリテイ員会での判断事項であると説明。
今回のメールインシデントを担保する為
所轄警察署へ届出（業務妨害）を依頼した。",,,,,,
9,100,1,01.個別サイバーセキュリティ事象の相談【Mission１】,02.迷惑メール・スパムメール,見知らぬ会社から、料金請求のメールが届いたが、どうすれば良いか教えてもらいたい。,"１　当社は、１台のパソコンを従業員数名と使い回している。
２　今日、パソコンを開き、メールを確認していたら、８月４日付で、株式会社ラクーンという取引等関係ない会社から「現金１０万円を５日以内にお支払下さい」等の書き込みがあった。
３　当社とは取引等関係ない会社からの料金請求でもあるし、また支払請求期限を過ぎているにもかかわらず、再請求もないので、支払う意思はない。
４　今後、再請求のメールが来た場合、どうすれば良いか対処方策等を教えてもらいたい。",送信元メール:http//www.raccoon.ne.jp,"１　従業員に対し、料金請求される事実確認をすること。
２　料金請求される事実がなければ、支払う義務もないので、今後、再請求のメールが届いても絶対支払わないこと。
３　不当な料金請求とみとめられた場合、消費者ホットラインに相談すること。
４　従業員に対し、不審メール等の対処策等について、指導しておくこと。",,,,,,
10,107,2,01.個別サイバーセキュリティ事象の相談【Mission１】,02.迷惑メール・スパムメール,スマホに添付ファイル付きの不審なメールが数多く届く。,"・同じ送信元から添付ファイル付きの不審メールが届くようになり、すべてゴミ箱に入れているが、どうしたらいいか？
・スマホは、「あんしんスキャン」の契約をしているが、なぜ送られてくるのか？",,"・メールを開くと怪しいサイトからウイルスがダウンロードされる可能性がある。また、メールに添付されたファイルはウイルスの可能性がある。メールを開かずにごみ箱に入れたまま、ごみ箱を空にすること
・迷惑メールとして通報する場合は、メーラに用意されている迷惑メール通報機能を使って、メールを開かずにキャリア、ワクチンベンダーにメールを転送する
・「あんしんスキャン」の設定内容を確認すると、利用を承諾する操作がされていなかったので、承諾を促した",,,,,,
11,109,1,01.個別サイバーセキュリティ事象の相談【Mission１】,02.迷惑メール・スパムメール,スパムメールの対策方法を教えてもらいたい。,"１　当社の問合せを知らせるホームページに、中国からと思料されるスパムメールが、２～３週間前から、毎日約１、０００件のメールが届いていおり、仕事に支障をきたし迷惑をしている。
２　スパムメールのメールアドレスは、１種類のみでる。
３　契約しているプロバイダに相談しても、有効な対策はないと言われ、どうすれば良いか分からないので、対策方法を教えてもらいたい。　",,"１　１種類の迷惑メールであれば、プロバイダが対策できると思うが、有効な対策ができないということなので、各セキュリティ会社では、迷惑メール対策ソフトを出しているので、同対策ソフトをいれることが有効である。
２　再度、相談したい事があれば、遠慮なくご連絡を下さるよう教示した。",,,,,,
12,17,2,01.個別サイバーセキュリティ事象の相談【Mission１】,02.迷惑メール・スパムメール,当社（ブライダル旅行サービス）のお客様よりメールアドレスの漏えいの可能性を指摘された。,"・当社に６月頃登録した顧客より、「急にブライダルに関するメールが急に増えてきた。当社のメールアドレス帳が他に搾取され漏えいしているのではないか？」との問い合せがあった。
顧客への対応方法（回答）について教えてください。

現時点では、この様な問い合せは、１件だけである。




・システム環境
ＰＣ　２０台、Ｗｉｎｄｏｄｓ７　Ｕｐｄａｔｅ　トレンドマイクロ　ウイルスバスター",,"現状況より、個人情報漏えいについては、特段に訴求することは難しい。
顧客のＰＣ、スマホ利用についても、調査が必要。

ＩＰＡ情報セキュリティ安心相談窓口、国民生活センター　１８８番を案内。",,,,,,
13,43,1,01.個別サイバーセキュリティ事象の相談【Mission１】,03.標的型攻撃による情報流出,不審なメールの添付ファイルに開封について,会社の役員が、１６日に不審なメールに添付されていたジップファイルを開いたところ、空であることから迷惑メールの添付ファイルを開いたことに気がつきました。しかし、対処方法が不明で、無線ネットにつなげ、２時間ぐらいそのままの状態で使っていたところ、私が会社に帰ってから、ネットからの切断、当該パソコンのみ隔離を行いました。実際、当該パソコンや他の接続したパソコンがどうなっているのか、気になるところですが、当社のような１０人程度の会社では、対応方法もよくわからず、有名な対策をする会社も大手向けのサービスのようで、価格的に高く、中小企業向けとは言えません。現状の対応としては、パソコンに送られてきたメールの分析やパソコンの検知を行うことが必要と思いますが、コスト面からもどう対応してよいかわかりかねています。そのあたりのアドバイスを頂ければと思います。なお、現在のところ、当社の複数のパソコンで異常な動作は出ていないようです。,,"現状認識として「現在のところ異常な動作は出ていない」ということですが、無害であったかはわかりません。ウイルスに感染していてもまだ現象が出ていないのかも知れません。

■緊急対応として
・まず、最新のウイルス対策ソフトで感染の確認を行ってください。
・現在まだウイルス対策ソフトで検知できないウイルスに感染している可能性もあるので、数日後に再度確認してください。

■ウイルスに感染していた場合
・もし感染しているようでしたら、全端末もネットワークから切り離して、ウイルスチェックをするとともに、感染していた場合は駆除してください。
・ウイルスの種類によって、どのような被害があるか、そのあとの対応として何をすべきかが変わってきます。
●ウイルス届出
IPAセキュリティセンターのウイルス届出窓口に連絡してください。
電話：03－5978－7518

■今後のための暫定対策
最低限の対策として、全職員「情報セキュリティ5か条」等を読んで、気を付けるようにしてください。
http://www.ipa.go.jp/security/keihatsu/sme/guideline/
被害に遭っても、原状復帰できるように、日頃、重要なファイルは外部ハードディスクにバックアップして、ネットワークから切り離しておくことも重要です。

■恒久的対策
・事前の必要最低限の対策にはそれほどの費用が掛かりませんが、被害にあってから対応しようとすると相当大きな費用が掛かる可能性もあります。
・様々なセキュリティ上のリスクに対応するために、情報セキュリティ対策のルールを明文化して、役員を含めて全職員がルールを遵守していることを定期的に確認してください

対策の参考として、最近公開された資料として
中小企業の情報セキュリティ対策ガイドライン（第2版）【2016年11月15日IPA】
http://www.ipa.go.jp/security/keihatsu/sme/guideline/
があります。

なお、東京都では、１１月２４日（木）午後１時３０分からＪＲ新宿駅西口前の「新宿明治安田生命ホール」において「東京都中小企業サイバーセキュリティ対策シンポジウム」を開催します。（参加費無料）
中小企業が取り組むべきサイバーセキュリティ対策について、分かりやすく解説して行く予定ですので、役員の方はもとより従業員の皆さまも、参加していただければと思います。
参加ご登録ＵＲＬ
http://cybersecurity-sympo.jp/

東京都広報ＵＲＬ
http://www.metro.tokyo.jp/tosei/hodohappyo/press/2016/10/17/08.html",,,ガイドブックP.18,,"■緊急対応として
・まず、最新のウイルス対策ソフトで感染の確認を行ってください。

・現在まだウイルス対策ソフトで検知できないウイルスに感染している可能性もあるので、数日後に再度確認してください。

■ウイルスに感染していた場合
・もし感染しているようでしたら、全端末もネットワークから切り離して、ウイルスチェックをするとともに、感染していた場合は駆除してください。

・ウイルスの種類によって、どのような被害があるか、そのあとの対応として何をすべきかが変わってきます。

●ウイルス届出
IPAセキュリティセンターのウイルス届出窓口に連絡してください。
電話：03－5978－7518
",
14,95,1,01.個別サイバーセキュリティ事象の相談【Mission１】,03.標的型攻撃による情報流出,請求書型ウイルス添付メールへの対応,"請求書型添付Ｆｉｌｅを誤って開封（クリック）した。
現状ＰＣには異常は無いが、ウイルス感染の有無を確認する方法を教えてください。
※添付ＦｉｌｅはＥｘｃｅｌ形式で通常業務に無関係な内容であった。

セキュリティ対策は、Windows１０　Ｕｐｄａｔｅ、ウイルスバスター実行中です。ウイルスの検知等のメッセージ通知はない。

バックアップは週一で外部媒体へ確保しています。",,請求書型添付Ｆｉｌｅウイルスメールの可能性があり、ウイルス感染の有無を確認するためにＩＰＡ相談窓口を案内した。,,,ガイドブックP.18,,,
15,120,2,01.個別サイバーセキュリティ事象の相談【Mission１】,03.標的型攻撃による情報流出,標的型攻撃メールの対処方法について,"先日、弊社提携企業を通じまして「標的型攻撃メール訓練」を実施させていただきました。今後の標的型攻撃メールの対処方法等について、以下の点につきましてお教えいただきますようよろしくお願いいたします。
１不審と思われるメールの見分け方
２不審と思われるメールを受信した場合の「よりベスト」な対応方法
３万一、開いてしまった場合の対応方法
４不審メールを開かないためのより実践的で具体的な取り組み（他社の例などご
　　教示いただければ幸いです。）
５「有償」による標的型攻撃型メール防止策（具体的な対策ソフト名などお教え
　　下さい。）
６その他、標的型攻撃メールについて留意すべき事項などがありましたら、ご
　　教示いただければと思います。",相談フォームによる相談,"以下のとおりメールで回答。

１　不審と思われるメールの見分け方

　　昨今の標的型メールは巧妙化しており、見分けるのが非常に困難と
　なっておりますが、一般的な注意点は以下のとおりです。
　　・日本語の言い回しが不自然なメール
　　・差出人のメールアドレスと、メール本文の署名に記載されたメール
　　　アドレスが異なるメール
　　・これまで届いたことがない公的機関からのお知らせ
　　・心当たりがないが、興味をそそられる内容
　　・心当たりのない決済や配送通知
　　・自分に送られてくることがおかしいメール
　　・件名に「緊急」など、ことさらに添付ファイルの開封を促すメール
　　・日ごろメールで」やり取りすることのない種類のファイルが添付
　　　されているメール
　　・ＩＤやパスワードなどの入力を要求する添付ファイルやＵＲＬが
　　　記載されたメール

２　不審と思われるメールを受信した場合の「よりベスト」な対応方法　

　　不審なメールは開かないことが一番です。
　　また、不審と思われるメールが届いた場合、社内のセキュリティ
　管理者に速報するよう、意識づけておくことが大切です。

３　万一、開いてしまった場合の対応方法

　　ランサムウェア等に感染してしまった場合、ネットワーク上の他の端末に
　影響を及ぼすことがあることから、当該端末をネットワークから切り離す事
　が必要です。
　　とはいえ、こうした場合、問題が発覚した時にはすでに手遅れとなることが
　考えられます。
　　特にランサムウェア等の被害を受けた場合、端末内の情報を暗号化されて
　しまうことから、事前の対策として、重要データのバックアップを取る仕組み
　を導入し、いざという場合に備えることをお勧めします。
　
４　不審メールを開かないためのより実践的で具体的な取り組み（他社の例など
　ご教示いただければ幸いです。）

　　実際の企業さんの取組みについては、申し訳ありませんが、こちらで取りま
　とめた資料がなく、ご紹介ができません。
　　不審メールを開かないための取組みについては、いかに社員一人一人に意識
　付けをするかに尽きます。
　　しかし意識の低い方は一定数存在しますし、意識していても、人間ですので
　間違いがありますから、１００％の対策を取るのは事実上不可能です。
　　３のご回答でもご説明しましたが、攻撃を防止する対策を講じるとともに、
　攻撃を受けてしまった時の対策（バックアップなど）を確実にしておくことが
　必要かと思います。

５「有償」による標的型攻撃型メール防止策（具体的な対策ソフト名などお教え
　　下さい。）

　　都の中立性保持の観点から、具体的な商品名をご紹介することはできません。
　　各種セキュリティベンダーがそれぞれ商品を出しておりますので、ご検討い
　ただければと思います。
　　申し訳ありません。

６　その他、標的型攻撃メールについて留意すべき事項などがありましたら、ご
　教示いただければと思います。

　　東京都では、11月中にサイバーセキュリティに関するガイドブック（以前発行
　された東京防災のサイバー版のようなもの）を発行する予定です（近日中に詳細
　を発表いたします）。
　　そのほかにも、ＩＰＡで公開している下記サイトが参考になるかと思いますので
　ご確認ください。
　　・ここからセキュリティ
　　　https://www.ipa.go.jp/security/kokokara/
　　・ランサムウェアの脅威と対策 ～ランサムウェアによる被害を低減するために～IPA
　　　https://www.ipa.go.jp/files/000057314.pdf",,,ガイドブックP.18,,"１　不審と思われるメールの見分け方
　　昨今の標的型メールは巧妙化しており、見分けるのが非常に困難と
　なっておりますが、一般的な注意点は以下のとおりです。
　　・日本語の言い回しが不自然なメール
　　・差出人のメールアドレスと、メール本文の署名に記載されたメール
　　　アドレスが異なるメール
　　・これまで届いたことがない公的機関からのお知らせ
　　・心当たりがないが、興味をそそられる内容
　　・心当たりのない決済や配送通知
　　・自分に送られてくることがおかしいメール
　　・件名に「緊急」など、ことさらに添付ファイルの開封を促すメール
　　・日ごろメールで」やり取りすることのない種類のファイルが添付
　　　されているメール
　　・ＩＤやパスワードなどの入力を要求する添付ファイルやＵＲＬが
　　　記載されたメール

２　不審と思われるメールを受信した場合の「よりベスト」な対応方法　
　　不審なメールは開かないことが一番です。
　　また、不審と思われるメールが届いた場合、社内のセキュリティ
　管理者に速報するよう、意識づけておくことが大切です。

３　万一、開いてしまった場合の対応方法
　　ランサムウェア等に感染してしまった場合、ネットワーク上の他の端末に
　影響を及ぼすことがあることから、当該端末をネットワークから切り離す事
　が必要です。
　　とはいえ、こうした場合、問題が発覚した時にはすでに手遅れとなることが
　考えられます。
　　特にランサムウェア等の被害を受けた場合、端末内の情報を暗号化されて
　しまうことから、事前の対策として、重要データのバックアップを取る仕組み
　を導入し、いざという場合に備えることをお勧めします。
　
４　不審メールを開かないためのより実践的で具体的な取り組み（他社の例など
　ご教示いただければ幸いです。）
　　実際の企業さんの取組みについては、申し訳ありませんが、こちらで取りま
　とめた資料がなく、ご紹介ができません。
　　不審メールを開かないための取組みについては、いかに社員一人一人に意識
　付けをするかに尽きます。
　　しかし意識の低い方は一定数存在しますし、意識していても、人間ですので
　間違いがありますから、１００％の対策を取るのは事実上不可能です。
　　３のご回答でもご説明しましたが、攻撃を防止する対策を講じるとともに、
　攻撃を受けてしまった時の対策（バックアップなど）を確実にしておくことが
　必要かと思います。

６　その他、標的型攻撃メールについて留意すべき事項などがありましたら、ご
　教示いただければと思います。

　　東京都では、サイバーセキュリティに関するガイドブックを発行した。
　　そのほかにも、ＩＰＡで公開している下記サイトが参考になるかと思いますので
　ご確認ください。
　　・ここからセキュリティ
　　　https://www.ipa.go.jp/security/kokokara/
　　・ランサムウェアの脅威と対策 ～ランサムウェアによる被害を低減するために～IPA
　　　https://www.ipa.go.jp/files/000057314.pdf",
16,143,1,01.個別サイバーセキュリティ事象の相談【Mission１】,04.ビジネスメール詐欺,ビジネスメール詐欺の被害にあった。,"当社は貿易会社であり海外法人（サイパン）とメールのやりとりをしている。
昨年１１月下旬に海外の取引先からの連絡でビジネスメール詐欺が発覚した。

当社の取引完了確認メールを海外法人へ送付した。
その直後に当社の担当者名で口座振り込み依頼メール（なりすましメール）を海外法人が受信しその口座に振り込みを行った。
その口座振り込みメールを入手し内容を確認した。
送付元ヘッダーアドレスが当社と関係ないアドレスであり、振り込み口座先は詐称されていた。
メールサーバはレンタルサーバを使っている、メールログの提供は拒否された。

今後の再発防止策を教えてください。
尚、被害者は海外法人であると考えますが、当社の責任範囲（法的対応について）を明確にしたい。",,"海外拠点も含めたビジネスメール詐欺と思われます。
ＩＰＡ標的型サーバ攻撃特別相談窓口を紹介した。",,,,,,
17,145,1,01.個別サイバーセキュリティ事象の相談【Mission１】,04.ビジネスメール詐欺,"ビジネスメール詐欺被害の発生。
海外の取引先に偽りメールが送付された。","海外の取引先に当社のなりすましメールが送付された。
取引先は口座変更の通知メールにより口座(悪意のある第三者の口座）に振り込みを行った。取引先からの連絡で偽りメール詐欺が発覚した。
今回のケースについて当社の法的な責任の担保について教えてくださ。

尚、メールサーバは昨年８月頃パスワードが搾取され漏洩の被害が発生した。
（以後全てのパスワード、ＩＤは変更している）",,"海外との取引に関する法的な事項については、法テラスを紹介した。
尚、ビジネスメール詐欺への対応方法についてはＩＰＡ「情報セキュリティ安心相談窓口」を紹介。",,,,,,
18,1,2,01.個別サイバーセキュリティ事象の相談【Mission１】,051.ウイルス感染,【件名不適切】Windows7でのネットバンキングのセキュリティ対策,"Q.Windows7を使って、Microsoft Security Essentials でウイルス対策をしているが、大丈夫か？
A.新規ウイルス等への対応は遅いかもしれないが大丈夫。ワクチンベンダーのものを使えばより早く対応される可能性が高い。

Q.セキュリティ対策に関するウェブページが山のようにあるがどこを見たらいいか？。
A.セキュリティ対策の一般的な事例が、「ここからセキュリティ！」にある。
http://www.ipa.go.jp/security/kokokara/study/company.html
まずここから心配事の対策事例を確認するのがいい。","・誤って、IPAセキュリティセンター情報セキュリティ安心相談窓口を案内してしまった。
・相談者の会社名等を聞きそびえれた。
・「ここからセキュリティ！」は、「Google検索でトップに表示されるもの」と伝えたほうが間違いがない",,,,,,,
19,15,2,01.個別サイバーセキュリティ事象の相談【Mission１】,051.ウイルス感染,ウイルス感染対策及び偽メールの脅威とその有効対策の資料について,"１、中小企業サイバーセキュリティ対策のキックオフ大会に出席した際、サイトを閲覧しただけでウイルスに感染するなどの事例の紹介はあったが、明確な対策についての説明がなかった。
２、宅急便に対する偽メール事例が、マスコミ等で取り上げられているが、現在どのような脅威があって、それに対する有効な対策等の資料があれば、組合員にも周知徹底させたい。",,１、ウイルス感染の具体的対策は、不審メールを開かないこと、不審メールの中のリンク（ＵＲＬ）を開かないこと。予防は最新ウイルス対策ソフトを導入する。２、個人情報等の漏えい及び個人情報漏えいによる営業等の停止が脅威で、有効な対策資料としては、ＩＰＡの企業の情報セキュリティ対策全般及び企業における最低限の情報セキュリティ対策のしおり等を紹介。,,,,,,
20,26,1,01.個別サイバーセキュリティ事象の相談【Mission１】,051.ウイルス感染,マルウェアに感染したが、今後の対策等を教えてもらいたい。,"1　「Ｇｏｚｉ．Ｂｏｔｎｅｔ」というマルウェアに感染したパソコンがある。ウイルスバスターでは検出できなかったが、フォーチゲートの通信データから感染を発見した。
2　現在ＬＡＮケーブルを抜き、社内のネットワークから切り離しているが、今後どのように対応するのが妥当でしょうか。
3　また、感染パソコンの必要なファイルやＯＵＴＬＯＯＫなどのメールデータをＵＳＢなどの外部記憶装置に移しても問題ないでしょうか。",,"1　感染が１台なのか今後別の端末でも通信検知されるのかまだ分からないので、引き続きフォーチゲートで検知されるか監視する必要があります。（マルウェアによっては、ネットワークを介して感染を広げている場合も考えられます）２　また外部記憶媒体に感染端末のデータバックアップをとるという件については、感染経路が分かっておらず駆除できていない状態では、バックアップはお勧めできません。
３　可能であれば、感染端末は切り離しまま、今後ウイルスバスターで完全に駆除できる状態になり、駆除を完了した後にバックアップをとる方が宜しいと思われます。",,,,,,
21,45,1,01.個別サイバーセキュリティ事象の相談【Mission１】,051.ウイルス感染,"不審なファイルを開いてしまった場合、マルウェアの感染は、どの程度の期間、警戒したらよいか？
マルウェアかどうか確認する手段は？","標的型攻撃では、ウィルスソフトに引っかからないマルウェアがあることは知っているのですが、実際、どの程度の期間、警戒したらよいのか、困っています。無論、普通でも対策は必要なのですが、たとえば、ランサムウェアの脅迫はどの程度の期間で行われるのか、ランサムウェアの暗号化を予知できないのか、などご存じなら注意点を教えていただければ幸いです。
私の知識では、標的型メール（情報収集）とランサムウェアが、主たる問題と思っております。
後、これは個人的な思いつきですが、送られてきたメールが、実際、マルウェアかどうか確認する手段はないのでしょうか。普通は、ウィルスソフトのパターンファイルに最新のものは組み込まれるので、数日後のウィルスソフトで検索すればいいのかなとも思っています。そのあたりの正確な知識がないので、よろしくお願いします。",,"＞私がサイバーセキュリティで知っていることをバージョンアップして、今できる対策を立てています。
ぜひ、職員の皆さまのセキュリティ対策の意識向上に努めていただければと思います。
今回の事例は、「不審なメールは開かない、添付やURLをクリックしない」という基本的な対応を知っていれば、感染を疑う必要がなかったことです。
役員の方のサイバーセキュリティに対する意識が残念ながら高くなかったことが要因だったのではないでしょうか。
組織のセキュリティ対策は、経営者の方が先頭に立って推進することが重要です。
その意味でも、経営者の方にぜひ助言していただきたいと思います。

＞２４日のシンポジウムの件は、仕事の関係で残念ながら出ることはできません。
可能であれば、今回添付ファイルを開いてしまった役員の方にはぜひ参加していただければと思います。

＞実際、どの程度の期間、警戒したらよいのか
＞ランサムウェアの脅迫はどの程度の期間で行われるのか、ランサムウェアの暗号化を予知できないのか
ランサムウェアの暗号化が発動するタイミングと、他のPCへの感染の予知は困難です。
暗号化されたあと、脅迫は72時間程度というのが多いようです。

＞送られてきたメールが、実際、マルウェアかどうか確認する手段はないのでしょうか。
技術的に完全に自動検出することはまだできませんので、人間の判断として、
・メールアドレス、差出人欄に注意
・件名・本文に注意
・添付ファイル・リンクに注意
ちょっと技術的な内容も含まれますが、下記の資料も参考になると思います。
「標的型攻撃メールの傾向と見分け方」
https://www.ipa.go.jp/files/000052612.pdf

＞数日後のウィルスソフトで検索すればいいのかなとも思っています。
ウイルス対策ベンダーが検体を入手できれば対応は数日だと思いますが、入手するまでの時間はわかりません。
ただ、実際に新種のランサムウェアであれば、IPAを始め対策機関にはすでに届出られていると思います。
1週間程度は、ウイルスソフトのパターンファイルの変更を確認して、全ファイルチェックを行っていただければと思います。",,,,,,
22,65,1,01.個別サイバーセキュリティ事象の相談【Mission１】,051.ウイルス感染,パソコンを使用するため電源を入れたところ、画面上にサンタクロースが時限爆弾を持って現れ、使用不能になっているがどうすれば良いか教えてもらいたい。,"１　社内で数台使用しているパソコンのうち、３ケ月前に、パソコン（ウインドーズ７）１台を買い、他のパソコン同様、仕事で使用していた。
２　本日、買ったばかりのウインドーズ７を仕事で使用するため、電源を入れたところ、画面にメリークリスマスの文字と共に時限爆弾を持ったサンタクロースが現れ、そのまま使用不能状態になってしまった。
３　ウインドーズ７以外のパソコンに異常はないが、ウインドーズ７は何かのウイルスに感染したと思うので、今後どうすれば良いか教えてもらいたい。",,"１　ウインドーズ７は、ウイルスに感染した可能性があるので、まず電源とケーブルを切断すること。
２　大切なデータをバックアップした後初期化し、最新のウイルスソフトを入れること。
３　ＩＰＡセキュリティーセンター安心相談窓口に電話し、情報提供など促すよう教示した。",,,,,,
23,72,3,01.個別サイバーセキュリティ事象の相談【Mission１】,051.ウイルス感染,ファイルを開くと「クラス登録されていません」と表示され使用できない。,"Windows１０　エクスプローラ
ルータ　Ｌａｎ構成　ＰＣ３台接続
<障害現象>
使用中の（特定一台のＰＣ）に保管しているJPEGファイルを開く（クリツク）すると【クラス登録されていません】のポップアップ表示がされオープンできない。
一週間前から発生しており、不具合なﾌｧｲﾙが増えてきている。
ＭＳのＵｐｄａｔｅは最新に更新している、ウイルス等の警告メッセージは表示されていない。
（ウイルスベンダーのソフトは購入していない）

不審なメールは受信したときに、開かないで削除をしている。

ウイルス（ランサム）に感染されているのか不安です。",,システム環境の障害及びウイルス感染の可能性を考慮し「情報セキュリティ安心相談窓口」ＩＰＡを紹介した。,,,,,,
24,78,2,01.個別サイバーセキュリティ事象の相談【Mission１】,051.ウイルス感染,マルウェアと思われるウイルスに感染し、顧客情報が流出したか心配である。流出したかどうか調査したり等、今後の対策を教えてもらいたい。,"１　昨日、パソコンを開いたところ、画面上に「ＯＲＢＩＴＵＭ」という文字が表示された。
２　「ＯＲＢＩＴＵＭ」調べたところ、マルウェア思われるウイルスに感染したことが分かり、ベンダーエンジニアに修理等を実施したが、同ベンダーも分からないということで修理等はできなかった。
３　同パソコン内には、顧客情報が入っており、現時点において、顧客情報等の流出は確認できていないものの、顧客情報が流出しているかどうか調査する方法等があれば、教えてもらいたい。",感染したパソコンのランケーブは、既に切り、他のパソコンにウイルス感染はない。,"１　「ＯＲＢＩＴＵＭ」というものが、パソコン内の顧客情報を流出させるウイルスなのか、またどういう悪さをするものか現時点で把握されていない。
２　　「ＯＲＢＩＴＵＭ」というウイルスの対処法や顧客情報流出確認等の対策として、ＩＰＡに相談するよう教示した。",,,,,,
25,81,1,01.個別サイバーセキュリティ事象の相談【Mission１】,051.ウイルス感染,最新のウイルスバスターでは検知されないが、ウイルスに感染を疑っている,"ある時から、PCの挙動がおかしくなった
・マウスが飛ぶ、PCがフリーズする
・メール閲覧中にフリーズする
・プリンが―がつながらないことがある
・

警視庁及びPCメーカーに相談すると、OSを再インストールするように言われた

自分で再インストールすべきか？",,"状況を確認して、再インストールしないで済む方法がないかを確認したが、ウイルスとは関係のなさそうな現象を色々提示するので、警視庁やPCメーカの回答通り、再インストールすることを勧めた。
さらに疑問があるなら、IPAセキュリティセンターに相談することを勧めた。",色々と思い込みがあるようなので、警視庁、PCメーカーはOS再インストールを勧めたようだ。,,,,,
26,101,4,01.個別サイバーセキュリティ事象の相談【Mission１】,051.ウイルス感染,パソコンを開いたら、異様な音なり、画面上に見慣れない英語文字が表れ、何かウイルスに感染してしまったのか教えてもらいたい。,"１　会社のパソコンを従業員数名で使い回している。
２　このパソコンは、最近ウイルス対策ソフトを更新している。
３　パソコンを開いたところ、ザーという異様な音が鳴り出し、画面上には今まで見たことのない英語文字が表れた。
４　パソコンを使い回している従業員から、不審なメールやＵＲＬ添付ファイルを開いたりしたか否か確認したが、開いた事実は一切ないことを確認した。
５　異様な音がしたり、見たことのない英語文字が表れた現象は、ウイルス感染によるものか、またウイルスであればその対処方法等を教えてもらいたい。",相談者は、社内のセキュリティー担当者であるが、本日休暇中、勤務している従業員からの仲介。,"１　異様な音がしたり、画面上に見慣れない英語文字が表れただけでは、ウイルスに感染したか否かの判断は、難しい。
２　パソコンの機能等に関するので、ＩＰＡセキュリティー相談窓口を紹介。
３　今後のセキュリティー対策等として、今後も不審なメールやＵＲＬ添付ファイルを開かないことや重要なデータのバックアップ、最新のウイルス対策ソフトの更新、並びに原状を理解している方が直接相談すること等を教示した。",ＩＰＡからは、ウイルスか否か判断できないので、プロバイダ又はパソコン業者に確認が必要である旨の相談者回答。,,,,,
27,127,4,01.個別サイバーセキュリティ事象の相談【Mission１】,051.ウイルス感染,訪問販売のセールスマンから、ウイルス対策ソフト等の購入を勧められたが、セイルスマンを信用して購入しても良いのか教えてもらいたい。,"１　訪問販売のセールスマンは、警視庁発行のランサムウェアに要注意というチラシを差出した。
２　セールスマンの勧誘によると、「東京都から委託を受け、ウイルス対策のためのソフトを販売している。次回、ウイルス対策ソフトを持参してくるので、購入の検討をしてもらいたい。」ということであるが、東京都は委託をしているのか、またセールスマンを信用して良いのか教えてもらいたい。","セールスマンが差出した名刺には、
　　・会社名　ＮＴＴ東日本南関東江東事業所
　　・所在地　江東区東陽４－７－２９
　　・氏　 名　佐々木桂二
　　・電　 話  ０１２０－８７５－６９０
である。","１　東京都は、ＮＴＴに対し、販売を委託はしていない。
２　次回、訪問したセールスマンから、しつこい勧誘等を受けた場合は、１１０番通報すること。
３　ウイルス対策ソフトを購入するかどうかの判断は、本人の責任になるので、良く検討して判断すること等を教示した。",,,,,,
28,154,1,01.個別サイバーセキュリティ事象の相談【Mission１】,051.ウイルス感染,個人使用のパソコンに、ウイルスが感染したようなので、今後のウイルス完成対策を教えて下さい。,"１　私は、個人でパソコンを使用している。
２　パソコンを開いたところ、見慣れない文字が表示されていた。
３　一瞬、不審と思ったが、そのまま画面をクリックした結果、電話が記載されていたので、その電話番号に電話を試みたところ、電話口に出た外国人らしい女性から「画面上の文字を削除するには、現金を振り込んで下さい。」等の言動により、不正支払請求であることを確認した。
４　不正支払請求には従わず、パソコンの再起動を試みた結果、画面上の文字は削除され、その後は、何事もなく正常起動しているが、今後このような不正支払請求を受けないための方法等があれば教えて下さい。",,"１　ウイルス等に感染防止策としては、最新のウイルス対策ソフトを更新することや不審なメールやＵＲＬを開かないこと及び重要なデータは、必ずバックアップ保存すること。
２　不正支払請求を受けた場合でも、不正支払請求には応じないこと。
３　サイバー攻撃を受けた場合の相談窓口として、ＩＰＡ標的型サイバー攻撃特別相談窓口を案内。　",,,,,,
29,159,1,01.個別サイバーセキュリティ事象の相談【Mission１】,051.ウイルス感染,今回メールアカントを盗まれた可能性がある。,"今回メールアカントを盗まれた可能性があるため会社のパソコンについてセキュリティに問題がないか、又はウイルス感染していなかの確認をしたい。調査依頼できるところがあれば教えてください。
※メール文要約",,"現状についての確認と注意喚起を要請し、対応窓口としてＩＰＡを紹介。
（メール回答）",,,,,,
30,4,2,01.個別サイバーセキュリティ事象の相談【Mission１】,052.ランサムウェアを使った詐欺・恐喝,ランサムウエアの危険性及び対策を教えてください。,"新聞報道でランサムウエアの危険性を読んだ。当社に関してその予防等対策を知りたい。
①組織
・従業員　３０名

②システム構成(本社）
・ＮＡＳサーバ（Ｉ／Ｏデータ製）へＰＣ１０台接続
・外部ネットワークへルータ接続
・Windods ７、ウイルスバスター（トレンドマイクロ）

③確認事項
・運用上　早急にNASサーバ、ＰＣのバックアップ
・ＮＡＳサーバの最新バージョンを調べる事
・ＰＣ，ウイルスソフトのバージョンを最新にする
・セキュリティ対応の組織的な活動も必要と説明",,"システム構成上の全般的な脆弱性確認が必要と推測、ＩＰＡ「情報セキュリティ安心相談窓口」を案内。

・本社　日本橋、工場　埼玉県草加市",,,ガイドブックP.20,,,
31,5,4,01.個別サイバーセキュリティ事象の相談【Mission１】,052.ランサムウェアを使った詐欺・恐喝,　取引先に対するウイルス感染元の調査業者紹介依頼について,　取引先であるランサムウェアに感染し、ファイルサーバーが暗号化され、復元できない状態である。取引先から「感染元を調査してくれる専門業者を紹介してもらいたい」との相談を受けた。仲介になるが良い調査専門業者を教えてもらいたい。,"１　取引先は渋谷区代々木所在の第一ビルメンテナンス。この会社については、トレンドマ　イクロ株式会社とのライセンス契約あり。
　ライセンス（ＩＤ３２５２３）
２　警視庁サイバー犯罪対策課からの転送。","トレンドマイクロ株式会社
スタンダードサポート窓口
（ユーザ向け）
　　０３ー５３３４ー３６０５
を紹介。",Tcyssメンバーとしてのトレンドマイクロ社に連絡。社内調整をしてもらい、復元についても検討。,,ガイドブックP.20,,,
32,86,2,01.個別サイバーセキュリティ事象の相談【Mission１】,052.ランサムウェアを使った詐欺・恐喝,ランサムウェアは、メールを開いただけで感染することもあるのか教えてもらいたい。,"１　昨年、ランサムウェアに感染したことがある。
２　メールの添付ファイルやＵＲＬを開いただけで、ランサムウェアに感染することは聞いたことがある。
３　メールを開いただけでも、ランサムウェアに感染することもあるのかどうか教えてもらいたい。",,"１　不審メールの添付ファイルやＵＲＬを開くことは勿論のこと、不審メールを開いただけでもランサムウェアに感染することはある。
２　ランサムウェア感染対策として、不審メールを開いたり、添付ファイルやＵＲＬを絶対開かないことや貴重なデータはバックアップしておくこと。",,,ガイドブックP.20,,,
33,87,2,01.個別サイバーセキュリティ事象の相談【Mission１】,052.ランサムウェアを使った詐欺・恐喝,システム保守会社からランサムウェアへの注意喚呼チラシを入手しました。どの様な対策をすればよいですか、教えてください。,"診療事務用としてＰＣ２台（内一台はバックアップ用）使用している。
システム運用保守はＩＴ業者に依頼中です。
ウイルス対策として、
①Ｗｉｎｄｏｕｓ７は自動更新（Ｕｐｄａｔｅ）に設定。
②ウイルス対策ソフトはＥＳＴ社パッケージを導入。
③診療事務データは別のＨＤＤへ週次更新している。

ランサムウェアへの対応として他に行う必要な作業があれば教えてください。",警視庁よりサイバーセキュリティ（ランサムウェア注意喚呼チラシ）を入手。,"ランサムウェア被害の対策を完全に行うのは難しいので、現状は被害の拡大防止と予防対策が中心であるとの説明を行った。
医療システムには診療関係の個人情報が多く保管されている為、総合的な情報セキュリティ対策（ランサムウェア対策も含む）の必要性とそのリスクにつて再確認を行った。
早急に医療情報セキュリテイに関するガイドラインの導入検討を勧めた。",,,ガイドブックP.20,,,
34,90,2,01.個別サイバーセキュリティ事象の相談【Mission１】,052.ランサムウェアを使った詐欺・恐喝,ランサムウェアウイルス及び標的型メールについての対処法等について、教えてもらいたい。,１　ランサムウェアウイルスに感染し、パスワードを暗号化された場合、暗号を解除させるため、相手の要求金額を支払わなければならないのか。２　標的型メールに対する注意すべきこと等につていて、教えてもらいたい。,,"１　ランサムウェアウイルスに感染し、暗号化させられて使用できなくなった場合、暗号化を解除するため、相手の要求金額を支払ったとしても、必ず暗号化を解除してもらえなかった事例も多々あると聞いていますので、ランサムウェアウイルスに感染させられないためにも、最新のセキュリティー対策ソフトを入れ、大切な情報はバックアップしておくことや、不審なメールやＵＲＬを開いたりしないよう指導教育を徹底すること。

２　標的型メールに対する注意すべきこと
標的型メールは、業務や個人に関係しそうな内容を装ったメールを送り、信用させて、メールの添付ファイルを開かせてウイルスに感染させたり、メール内のURLを開かせて悪意のあるサイトや偽サイトに誘導させるもの。
対策としては、通常のセキュリティ対策が行った上で、特に、従業員が、不審なメールであることに気が付くことが重要。通常受け取らないメールを受信した時、その送信元、内容を確認し、少しでも不審を持った場合は、絶対に開かない。どうしても業務上内容を確認する必要がありそうな場合は、送信元に偽装メールでないことを確認することを徹底させる",,,ガイドブックP.20,,"１　ランサムウェアウイルスに感染し、暗号化させられて使用できなくなった場合、暗号化を解除するため、相手の要求金額を支払ったとしても、必ず暗号化を解除してもらえなかった事例も多々あると聞いていますので、ランサムウェアウイルスに感染させられないためにも、最新のセキュリティー対策ソフトを入れ、大切な情報はバックアップしておくことや、不審なメールやＵＲＬを開いたりしないよう指導教育を徹底すること。

２　標的型メールに対する注意すべきこと
標的型メールは、業務や個人に関係しそうな内容を装ったメールを送り、信用させて、メールの添付ファイルを開かせてウイルスに感染させたり、メール内のURLを開かせて悪意のあるサイトや偽サイトに誘導させるもの。
対策としては、通常のセキュリティ対策が行った上で、特に、従業員が、不審なメールであることに気が付くことが重要。通常受け取らないメールを受信した時、その送信元、内容を確認し、少しでも不審を持った場合は、絶対に開かない。どうしても業務上内容を確認する必要がありそうな場合は、送信元に偽装メールでないことを確認することを徹底させる",
35,94,2,01.個別サイバーセキュリティ事象の相談【Mission１】,052.ランサムウェアを使った詐欺・恐喝,ランサムウｴア対策を教えてください。,"中小企業であるが、セキュリティ対策はシステム運用も含めてベンダーに依頼し対応している。

データのバックアップはＮＡＳへ定期に行っている。

ランサムウエア対策として更に考慮する事項があれば教えてください。（メール開封に関す注意点等）",,システム環境上の対策(ランサムウェア対策含む）をさらに有効にする為に社内要員へのセキュリティ意識向に関する社内方針を検討導入する必要性について説明した。具体的にはＩＰＡ「中小企業の情報セキュリティ対策ガイドライン」を照会。,,,ガイドブックP.20,,,
36,102,2,01.個別サイバーセキュリティ事象の相談【Mission１】,052.ランサムウェアを使った詐欺・恐喝,ランサムウェアに感染しないための方策等を教えてほしい。,"１　先日、(株)ＫＴＳというサイバーセキュリティー会社のセールス社員が、当園に来た。
２　セールス内容は「最近ランサムウェア感染による被害が多発しており、ランサムウェア感染対策を講じる必要がある。」「当社が、ランサムウェア感染防止装置を外部に設置し管理する契約をしたい。」との依頼を受けた。
３　契約すれば、１００パーセントランサムウェア感染防止できるのか教えてもらいたい。",,"１　現時点において、１００パーセントランサムウェア感染策はないが、、１００パーセントにより近づけるために、最新のウイルス対策ソフトを更新することや不審なメールやＵＲＬ添付を開かないこと及び重要なデータをバックアップ保存しておくこと並びにこれらのことを職員全員に指導教育することが大切である。
２　契約したからといって、１００パーセント、サムウェア感染防止が完了したと考えることは、危険であることを教示した。",,,ガイドブックP.20,,,
37,104,2,01.個別サイバーセキュリティ事象の相談【Mission１】,052.ランサムウェアを使った詐欺・恐喝,ランサムウェアウイルス感染の防止策を教えてもらいたい。,"１　ラビックスという通信関連会社のセールス社員が、当事務所に来た。
２　セールス内容は「最近ランサムウェア感染による被害が多発しており、ランサムウェア感染対策を講じる必要がある。」「当社が、ランサムウェア感染防止装置を外部に設置し管理する契約をしたい。」との依頼を受けた。
３　ランサムウェア感染の防止策を教えてもらいたい。",,"１　現時点において、ランサムウェア感染防止策としては、最新のウイルス対策ソフトを更新することや不審なメールやＵＲＬ添付を開かないこと等が最も大切である。
２　その他対策として、重要なデータをその都度、バックアップ保存しておくことや従業員等に対する指導教育をすることが重要であることを教示した。",,,ガイドブックP.20,,,
38,105,2,01.個別サイバーセキュリティ事象の相談【Mission１】,052.ランサムウェアを使った詐欺・恐喝,ランサムウェアウイルスに感染し、重要なデータが盗まれた場合の対処策及び盗まれないための防止策等教えてもらいたい。,"１　本年７月２８日、武蔵野商工会主催のサイバーセキュリティー対策研修会に出席した。
２　私は、サイバーセキュリティー担当者であり、サイバーセキュリティー対策に十分注意を払っているが、もし従業員が、誤って不審メールを開き、ランサムウェアに感染させ、会社で保管している重要データ等が盗まれた場合、その対処策と盗まれないための防止策を教えてもらいたい。",,"１　ランサムウェアに感染し、身代金を要求され場合、仮に身代金を支払っても、暗号化された以上元に戻すことは、ほとんど不可能である。重要なデータを盗まれた場合、管轄する警察署に被害届を提出すること。
２　ランサムウェア感染防止策としては、最新のウイルス対策ソフトを更新することや不審なメールやＵＲＬ添付を開かないこと及び重要なデータをその都度、バックアップ保存しておくことや従業員等に対するサイバーセキュリティ対策の指導教育を徹底することが重要であることを教示した。",,,ガイドブックP.20,,,
39,108,2,01.個別サイバーセキュリティ事象の相談【Mission１】,052.ランサムウェアを使った詐欺・恐喝,ランサムウェアへの対策について,ランサムウェアの被害に備えて、社員に教養するほか、どのような対処をすればいいか。,,"ランサムウェアの被害を受けた場合、お金を支払ってもデータが戻らない場合がある。
日ごろからのバックアップが重要となるので、随時パソコンのバックアップを実施するとともに、バックアップ先についてはネットワークから切り離す対応を取ることを教示した。",ＣＳ本部小松主任と協力対応,,ガイドブックP.20,,,
40,6,1,01.個別サイバーセキュリティ事象の相談【Mission１】,053.アドウェアによる詐欺,ＰＣ画面上に「ウイルスに感染しました。」の表示が出た。,"ネット検索中に、「ウイルスに感染しましたので連絡先へ電話してください。」の表示が出た。
（弥生のホームページ検索中）
連絡先へ電話したら日本語（不慣れ）人からＵＲＬへ電話で指定する特定のアドレスを入力するよう依頼された。不審に思い電話を切った。","構成　ＰＣ１台（業務用）Windows７
ウイルスバスター　
Windows７＝＞１０へアップデイト予定

会計ソフト　弥生　導入している。","ネットワークケーブルを遮断。
重要ﾌｧｲﾙを外部へバックアップを早急に依頼した。

※バックアップ後再立ち上げを行い、ウイルスバスター、Ｍｉｃｒｏｓｏｆｔ　Ｕｐｄａｔｅ（
Ｓａｆｅｔｙ　Ｓｃａｎｎｎｅｒ等）の検索結果の確認を行い再連絡を依頼した。

（その後　連絡なく、打ち切りとした）",商工部調整課共同組合担当様と面識有る。,,,,,
41,11,1,01.個別サイバーセキュリティ事象の相談【Mission１】,053.アドウェアによる詐欺,パソコンの画面に「ウイルスに侵されている。すべての作業を止めてください」と表示され、連絡先に電話したところ「１万円で治す」とのことでクレジットカードで払ってしまった。,"ウィルス対策ソフトでは検知できなかった。
１万円を払ったら、警告は消えた。

クレジットカードで支払ってしまったが、クレジット会社は「本人が承認しているのでお金は戻せない」とのことだった。
今のところ、ＬＡＮケーブルと電源は抜いている。
バックアップは最低限とれている。
今日、これから業者が来るが、やっておいた方がいいことはあるか。

業務ＰＣはデスクトップ１台のみ。社内ネットワークはない。
業務端末でネットを見ている。",,"ウィルス対策ソフトで検知できなかったとのことだが、「警告」の他にも情報窃取等のおそれがあるので、クリーンインストールを勧める。
それにあたり、内蔵ハードディスクからのデータバックアップ方法について説明。
委託した業者についても、法外な手数料を取られないように注意喚起。
悪質な手口であり、１万円の件については、警察に相談することをすすめた。",業者が来てトラブルになるようなら、再度架電するように教示すると「ありがとうございます」と納得した。,,,,,
42,35,1,01.個別サイバーセキュリティ事象の相談【Mission１】,053.アドウェアによる詐欺,ウイルスに感染し、現金を支払ってしまったが、今後ウイルスに感染させないための対策等を教えてもらいたい。,"１　パソコンの画面に、無料サイトの画面が表示され、その画面表示を消しても消えなかったので、画面を開いたところ、大きな音がし画面上にウイルスが入っているのでウイルスを消す場合は、０３ー４５７０ー４３７２に電話下さい。と表示された。
２　ウイルスを消すため上記電話番号に電話をかけたところ、アジア系外国人と思料される男性から「セキュリティー注文ＩＤ，ＵＤ６ＥＧ２７ＳＶＣＨＵＵＭＯＮ、ヌマタケンタ宛に２３，０００円をクレジット決済して下さい。」等と指示された。
３　上記ＩＤにクレジット決済しようと試みたがクレジット決済できなかったので、再度確認のため前記電話番号に電話をかけた。
４　その結果、同じアジア系外国人から「クレジット決済ができないのなら、プリペード決済でお願いします。」と指示され、その指示通りプリペード決済した結果、ウイルス感染していたパソコンが正常に作動されるようになった。
５　今後、ウイルス感染させないための対策等を教えてもらいたい。","１　パソコンは、１台のみの設置。
２　パソコンが正常に作動した後、トレンドマイクロ社に対し、遠隔操作されていないか確認した結果、「現在のところ、遠隔操作されている状況にない」旨の回答有り。","１　現在の正常な状態で、バックアップをすること。
２　パソコン本体をクリーンインソールすること。
３　今後、怪しい画面は絶対開かないこと。
以上、３点について教示した。",,,,,,
43,38,1,01.個別サイバーセキュリティ事象の相談【Mission１】,053.アドウェアによる詐欺,"パソコンの画面に警告が出て
連絡先に電話したら
プリペイドカード２万円分取られた","先日、パソコンの画面にセキュリティ警告が出てピーピー警告音が鳴った。
ちょっと変なサイトを見た後だったので心配になり、画面上の連絡先03-4590-0768に電話したところ、クレジットカードでの２万円の入金を要求されたが、うまくいかず、その後プリペイドカードの認証番号を要求されたのでコンビニで購入し２万円分のライフのプリペイド情報を送ったところ、警告画面は消えた。
しかし、今後このサイトからさらに要求されるのではないかと心配である。

相手は、中国人なまりの男だった。
くやしい。",,"プリペイドで要求額を支払い、警告画面も消えたことから、再度要求が来ることはないと思うが、心配ならデータバックアップを取り、ＯＳのクリーンインストールを勧める。
変なサイトには、危険がいっぱいなので、あまりそのようなサイトは見に行かないように進言した。",相談者納得して終了,,,,,
44,70,1,01.個別サイバーセキュリティ事象の相談【Mission１】,053.アドウェアによる詐欺,　インターネットで映画を観ていたら、突然操作不能になり、ウイルス感染した可能性があるのでどうしたら良いか教えてもらいたい。,"１　インターネットで映画を観ていたら、突然操作不能になった。
２　画面を見ると、「あなたのパソコンはブロックされました。すぐに私たちに電話を下さい。03-4579-1995」等と表示されていた。
３　ウイルス感染にした可能性があるので、どうしたら良いか困っています。教えて下さい。",私は、１８歳高校生です。,"１　最近、多く発生している「架空請求」と思料されます。
２　ＩＰＡセキュリティセンター（情報セキュリティ安心相談窓口）に即報し、指示を受けるよう教示した。",相談者から「適切かつ親切な対応に感謝します。ＩＰＡの指示によりパソコンが起動しました。本当に有難うございました。」とのお礼の言葉あり。,,,,,
45,134,2,01.個別サイバーセキュリティ事象の相談【Mission１】,053.アドウェアによる詐欺,会社のＰＣがアドウェアに感染したが、対策を教えてほしい,"会社でＭＡＣ４台とWindows１台を運用している。
先日、ＭＡＣ１台がアドウェアに感染した。
ＰＣについては、ウィルス対策ソフトを導入していない。
サポート会社に確認したところ、ウィルス対策ソフトを導入しろと言われた。
どのウィルス対策ソフトが軽くて使いやすいか教えてほしい。
サポート会社のキャノンからは、ＥＳＥＴを勧められている。",,"東京都の公平性の観点から、ソフトのおすすめはできない。
ＥＳＥＴは比較的動作が軽いとは聞いている。
また、デザインに使うということであれば、ネットから切り離して使うことも考慮してもいいかと考えられるとアドバイスした。",,,,,,
46,44,2,01.個別サイバーセキュリティ事象の相談【Mission１】,061.なりすまされたECサイトの被害,インターネットによるクレジット詐欺（商品取引）被害を受け、警察に相談中であるが、今後の防御策等を教えてもらいたい。,"１　インターネットを介し、クレジット決済によるサッカー用品の販売をしているが、これまで４人から４０件の注文により、約８００万円のクレジット詐欺（商品取引）被害を受けた。
２　被害については、現在警視庁渋谷警察署に相談をしている。
３　今後、クレジット詐欺（商品取引）被害を受けないための防御策等を教えてもらいたい。",,"１　警察署の相談から、被害届の提出に移行。
２　クレジットカードの代行会社の検討。３　高額な注文に対する本人確認の徹底。
４　役員を含め、全社員に対する情報共有と情報セキュリティー対策のルールを明文化と遵守。",,,,,,
47,48,1,01.個別サイバーセキュリティ事象の相談【Mission１】,061.なりすまされたECサイトの被害,開発販売しているＷｅｂアプリのアカントが他のサイトにて無許可で販売されている。,"・ネット販売しているアプリのアカントがショピングサイト（メルカリサイト）で掲示販売されている。
無許可での再販を禁止しているので、販売を取消させたい。
・第三者による無許可の当社Ｗｅｂアプリ販売は、商標権の侵害になるのでないか。",,"対応について説明
１．販売サイトのサイトポリシーを確認して、サイト管理者へ不正掲載の確認と取消の通知を行う。
２．所轄署（渋谷区）への被害届（商標権侵害）の相談を行う。","ボルテージ㈱：Ｗｅｂアプリ制作販売大手
メルカリサイト：スマホベース個人ネット販売サイト",,,,,
48,59,1,01.個別サイバーセキュリティ事象の相談【Mission１】,061.なりすまされたECサイトの被害,友人が、通販サイトの偽サイトに自社の住所等が使われたが、対応策等について教えてもらいたい。,"１　相談者の友人は、
　　　　所在地　墨田区業平４ー１ー４
　　　　会社名　有限会社　フルート
　　　　代表取締役社長　高畑　実
　である。
２　友人の会社は、ネイルの通販会社であるが、　通販サイトの偽サイトに自社の所在地・会社名　・代表者等が使われた。
３　偽サイトにより、皿を購入した者から、「現金を　支払ったが、商品が届いていない」との電話連　絡を受けた。
４　偽サイトで皿を通販されていることが判明した　が、友人としては今後どのような対策等をすれ　ば良いか教えてもらいたい。
　
　",,################,,,,,,
49,61,1,01.個別サイバーセキュリティ事象の相談【Mission１】,061.なりすまされたECサイトの被害,通販サイトに偽サイトを使われているが、対応策等教えてもらいたい。,"１　個人事業主店名「ギャズネット」として、あらゆる商品をネット通販している。
２　偽サイトは、
　　　　住所は、当店と同じ
　　　　名義は、奥山早苗
　　　　社名は、株式会社ギャズネット
として、ネット通販している。
３　管轄警察署である、警視庁荏原警察署に相談した結果、管理するサパー会社が米国にあるため、偽サイトを解明するには難しい。
４　偽サイトの対応策等を教えてもらいたい。",,"１　偽サイトは、警察庁を通じてセキュリティ事業者にＵＲＬリストを提供している。被害者がいたら、地元の警察署に行くこと。
２　民間団体「なりすましＥＣ対策協議会」発行の資料を参考にすること。
３　検索サイト「ヤフー」や「グーグル」の専用ホームから偽サイトの削除要請をすること。
４　自社のホームページに偽サイトの注意喚起をすること。",,,,,,
50,62,2,01.個別サイバーセキュリティ事象の相談【Mission１】,061.なりすまされたECサイトの被害,当社のホームページにフィッシング被害が発生している可能性があるので、対応策を教えてください。,"当社はゲーム制作やコンテンツ作成支援業務を行っている。
当社のホームページでフィッシング被害が発生している可能性があり、万世橋警察暑へ被害届を出した。
被害の状況については、フィッシング対策協議会へ連絡をした。

当社設置サーバは、Ｗｅｂサーバ、ＤＢサーバ、
ＡＰサーバがあり、自社開発用及び運用機器として稼働している。又業務上ＡＷＳ（アマゾンクラウドＷｅｂ）を利用している。

システム上のフィッシング被害防止に関する今後の対策や相談窓口があれば教えてください。",警視庁サイバーセ犯罪対策課へクラウドゲイト社の要望を連絡済。,"フィッシング対策やＷｅｂ脆弱性評価に関してＩＰＡの情報セキュリティ・タグよりツールの適用調査を紹介した。
尚、今後のフィッシング予防対策として第三者によるＷeb脆弱性評価サービスの利用を提案。",,,,,,
51,80,1,01.個別サイバーセキュリティ事象の相談【Mission１】,061.なりすまされたECサイトの被害,当公社の傘下会社からの仲介によるもので、傘下会社の元従業員が、同会社のホームページ、ドメイン、アドレス等を盗み取って使用しているので、同メールを使用させない方法があれば教えてもらいたい。,"１　当公社の傘下会社からの相談内容である。
２　相談内容は、以前会社で勤めていた元従業員が、会社で使用していたホームページ、ドメイン、アドレス等を盗み取って現在使用している。
３　現在、新規にホームページをつくり、使用しているので、乗っ取られたホームページ等は使用していない。
４　現時点において、元従業員に乗っ取られたホームページ以外の被害はない
５　今後、乗っ取られたホームページを元従業員
に使用させない方法等があれば教えてもらいたい。",,"１　新ホームページ上に、乗っ取られたホームページについては、当社とは一切関係ない旨を載せ周知徹底させること。
２　乗っ取られたホームページについては、管轄する警察署に被害を提出すること等を教示した。",,,,,,
52,85,2,01.個別サイバーセキュリティ事象の相談【Mission１】,061.なりすまされたECサイトの被害,全く知らない会社が、当社のホームページを勝手に掲載しており、どうすれば削除できるか教えてもらいたい。,"１　株式会社ユニラボの武藤と名乗る見ず知らずの者から、「当社の発注者比較サイト「アイミツ」のホームページに貴社のホームページを掲載した」等というメールを受信した。
２　当社は、当社のホームページをアイミツに搭載してもらう依頼もしていないのに、勝手にアイミツに掲載され困っている。
３　現時点において、被害等はないが、このまま勝手に掲載されているのも不安なので、削除方法など良い方法があれば教えてもらいたい。",,"１　貴社のホームページを勝手に掲載した相手の会社に対し、当社は無断でホームページを搭載され、迷惑しているので削除してもらうよう削除依頼のメールやファクスをすること。
２　「アイミツ」とは一切関係ない旨を貴社のホームページ上に掲載すること。
３　削除されない場合、法テラスや総務省支援機関の有害情報相談センターに相談することを教示した。",,,,,,
53,92,1,01.個別サイバーセキュリティ事象の相談【Mission１】,061.なりすまされたECサイトの被害,他人が勝手に、当社のホームページを作り、信用もなくなり契約等の仕事ができなくなる被害を受け困っている。,"１　夫婦で、個人経営として、広告代理店を営んでいる。
２　今年４月ころ、友人から「貴方達夫婦の個人情報が漏れていると思われるので、確認しなさい」等と警告されました。
３　警告に従い、会社のホームページを確認したところ、他人が勝手に会社のホームページを作っていた被害が発覚した。
４　そこで、米国のサーバー会社「ゴーダリドットコム」に被害の相談をした結果、弁護士に相談するよう指示され、弁護士に相談するも解決されなかった。
５　再度、前記サーバー会社に相談したところ、
警察に相談するよう指示され、その足で地元の
警察署に相談した結果、警視庁サイバー犯罪対策課に相談するように指導されたもの。
６　警察署が、サイバー犯罪対策の電話番号を誤ったことから、当相談窓口に電話されたものと判明。",会社のホームページは、paul boylan:comである。,１　他人が勝手にホームページを作ったことにより、信用を失墜し、契約等の仕事が滞ってしまうような業務上妨害の被害を現実に受けていることが判明。２　警視庁サイバー犯罪対策課相談係の電話番号を教示した。,当相談窓口の電話番号を誤って紹介した警察署に対し、紹介先は良く確認するよう依頼済。,,,,,
54,93,1,01.個別サイバーセキュリティ事象の相談【Mission１】,061.なりすまされたECサイトの被害,自社の住所、代表者を騙った偽サイトで購入したユーザが詐欺にあった。被害の問い合わせが自社にあった。,"ユーザは、警視庁に届けると言っている。
自社はどうすればいいか？",,警視庁サイバー犯罪対策課へ相談するように伝えた。,"ユーザの届出により、警視庁が偽サイトの運営者を摘発し、振込先の銀行口座が凍結されることを期待。
自社のサイトに、偽サイトに注意喚起のお知らせを載せること意義がある",,,,,
55,110,1,01.個別サイバーセキュリティ事象の相談【Mission１】,061.なりすまされたECサイトの被害,なりすましサイト被害者からの問い合せ対応の相談,"自社（株式会社フリージャパン）の電話番号、住所がなりすましサイト（株式会社プラス）で使用され被害者から問い合せがあった。
対応方法を教えてください。

被害者はなりすましサイトで冷蔵庫を6万円で購入したが物品が送付されない。(支払方法は未確認）
なりすましサイトに表示された連絡先（㈱フリージャパン）への問い合せを行ない、詐欺被害は発覚した。

※被害者　名倉　様　０３－３３４０－０１９３",,"対応について
１．被害者には所轄署へ被害届及び被害相談の連絡を依頼した。

２．自社ホームページに詐欺被害発生につてのメッセージ表記を要請。
３．参考情報として「なりすましＥＣサイト対策協議会」のホームページを案内した。",,,,,,
56,111,1,01.個別サイバーセキュリティ事象の相談【Mission１】,061.なりすまされたECサイトの被害,Ａｍａｚｏｎネット中古ﾏｰｹｯトへの出品販売（中古電卓販売）が妨害されるので対処があれば教えてください。,"Ａｍａｚｏｎへ中古電卓を出品販売をしている。
最近多数の代引注文が発生している。(1ヶ月約１００件程度）
通常配送が1週間程度かかるが、その間に当社の販売品と同じ中古機種が特定業者よりＡｍａｚｏｎ中古マーケットに多数出品される。
以後注文された代引商品が宛先不明で全面的返品になる。
悪意のある購入者(業者？）は架空な住所で注文を出し当社の販売機会を妨害する細工を繰り返している。
尚、金額的被害はマーケットへの再出品手数料が発生している。

※Ａｍａｚｏｎ相談窓口への問い合せしているが今回のケースについては明確な対策回答が無い。",,ネッット販売上の営業妨害と推定しますが具体的な被害発生についての判断が難しいので法的相談窓口「法テラス」にて被害相談を進めた。,,,,,,
57,113,1,01.個別サイバーセキュリティ事象の相談【Mission１】,061.なりすまされたECサイトの被害,当社を騙った偽サイトで購入した利用者からの苦情,"お客から、当社を騙った偽サイトからウオーターを購入したが、商品が届かないとの苦情が届いた。
お客には、警察に被害届を出すように促した。
また、当社のサイトのトップに注意喚起のメッセージを表示した。

他に何をすればいいか？",,"
自社ECサイトがなりすまし被害に遭った際の対処法と、なりすましされないための予防法について、体系的に記述されているマニュアルとして、なりすましECサイト協議会の「なりすましECサイト対策マニュアル」を紹介した。
・問合わせ対応
・削除要請
・警察のサイバー犯罪相談窓口への連絡",,,,,,
58,118,1,01.個別サイバーセキュリティ事象の相談【Mission１】,061.なりすまされたECサイトの被害,他人が、当社のメールアドレス等をなりすましており、その対策等を教えてもらいたい。,"１　当社は、通販サイト運営会社である。
２　今日、お客様から「当社のメールアドレスサイトの電話番号に電話をしたが、つながらなかったので、当社を調べて電話をしてきた」ことが確認された。
３　お客様から確認したメールアドレスを調べたところ、他人が、当社の会社名や所在地や代表名等をなりすましていること等が判明した。
４　現在時、当社やお客様の被害は確認されていないが、今後、なりすましサイト対策をするにはどうすれば良いか教えてもらいたい。",,"１　自社のメールアドレスに、当社と同じメールアドレスをなりすまし、他人が無断で使用している旨を自社ホームページ等に掲載するとともに、関係者等に注意喚起をしておくこと。
２　お客様が、何らかの被害を受けた旨の連絡を受けた場合は、管轄警察署に被害届を提出するよう申し向けること。３　なりすましＥＣサイト対策協議会のサイトから対策マニュアルを抽出し、参考に、今後の対策を図ることを教示した。",,,,,,
59,121,1,01.個別サイバーセキュリティ事象の相談【Mission１】,061.なりすまされたECサイトの被害,商品情報を無断で複製して偽サイトに掲載された。,"相談者が運営しているECサイト内に相談者が提供する商品情報が無断で複製され、偽サイトに掲載された。
当該商品情報をGoogleで検索をすると数１０のサイトが表示され、そこから複数の偽サイトにリダイレクトされる。
そのサイトで実際に注文しようとすると、購入者情報及びメールアドレスを入力後、支払情報を入力するためのページを案内するメールが届くと記載されているが実際にはメールは送られてこない

この商品を正規に購入したいお客様に誤解と不安を与える状況になっている

●	偽サイト
?	www.hobbysalepps.top
?	www.bruchmalls.top
?	…
●	GoogleインデキシングURL
?	多数
●警察への相談
	?	所轄の警察署の生活安全課に相談？（被害届でなく）
?	所轄より警察署より、警察庁（警視庁ではなく）へ連絡",,"下記の内容を文書で回答
●考察
◆法令違反の可能性
?	※警視庁のサイバー犯罪対策課に問い合せたところ、下記のような可能性を示唆された。しかし、それを所轄の警察署で被害届を受理し立件できると判断するかはわからない
★	著作権法違反
?	偽サイトで商品情報を複製して表示
★商標権侵害？
?	商標登録された情報が複製されていた場合
★不正競争防止法違反
?	販売する意思がないにも関わらず、利用者の個人情報だけを取得する
★詐欺罪
?	財産上不法の利益を得たりするもので、適用が困難
◆	警察の対応
?	不正競争防止法違反であれば生活経済課、特殊詐欺であれば刑事課
?	現状では、警察庁は、情報収集だけで何もしないと思われます
●対処案
◆利用者から、賠償請求等を受けないようにするためにも、警察に被害届を受理されることが重要
◆	しかしながら、現在の対応では、被害届が受理されない可能性が高い
◆まず、弁護士に相談
★	警察に被害届を出す前に、弁護士にどのような手続きで法的対処をすべきかを相談する
★	相談先候補
?	法テラス（日本司法支援センター）
?	?0570-078374
◆	偽サイトの削除要請
?	GoogleにインデキシングされたURLの削除はきりがない
?	リダイレクト先のURLを提供しているプロバイダに削除要請する
?	※IPA（情報処理推進機構）に確認したが、IPAでは代行はしないとのこと
◆	利用者からの苦情に対応するために
?	「なりすましECサイト対策マニュアル」に従って、自社サイトで利用者に注意喚起する
?	なりすましECサイト対策協議会
?	https://safeinternet.or.jp/narisumashi/",,,,,"●考察
◆法令違反の可能性
? ※警視庁のサイバー犯罪対策課に問い合せたところ、下記のような可能性を示唆された。しかし、それを所轄の警察署で被害届を受理し立件できると判断するかはわからない
★ 著作権法違反
? 偽サイトで商品情報を複製して表示
★商標権侵害？
? 商標登録された情報が複製されていた場合
★不正競争防止法違反
? 販売する意思がないにも関わらず、利用者の個人情報だけを取得する
★詐欺罪
? 財産上不法の利益を得たりするもので、適用が困難
◆ 警察の対応
? 不正競争防止法違反であれば生活経済課、特殊詐欺であれば刑事課
? 現状では、警察庁は、情報収集だけで何もしないと思われます

●対処案
◆利用者から、賠償請求等を受けないようにするためにも、警察に被害届を受理されることが重要
◆ しかしながら、現在の対応では、被害届が受理されない可能性が高い
◆まず、弁護士に相談
★ 警察に被害届を出す前に、弁護士にどのような手続きで法的対処をすべきかを相談する
★ 相談先候補
? 法テラス（日本司法支援センター）
? ?0570-078374
◆ 偽サイトの削除要請
? GoogleにインデキシングされたURLの削除はきりがない
? リダイレクト先のURLを提供しているプロバイダに削除要請する
? ※IPA（情報処理推進機構）に確認したが、IPAでは代行はしないとのこと
◆ 利用者からの苦情に対応するために
? 「なりすましECサイト対策マニュアル」に従って、自社サイトで利用者に注意喚起する
? なりすましECサイト対策協議会
? https://safeinternet.or.jp/narisumashi/",
60,122,1,01.個別サイバーセキュリティ事象の相談【Mission１】,061.なりすまされたECサイトの被害,大量の404クロールエラーの発生,"商品情報を無断で複製して偽サイトに掲載された事案に関連して、相談者ECサイトに設置されていたmailtoの記述部分もクロールされ、その記述を含む複数の偽サイトで2万件を超えるmailtoが設置された

そのmailtoをGoogleがクロールする際に大量の404クロールエラーが発生したため、Googleから警告が届いた

そのため、Google SearchConsoleで、「リンクの否認」、「ウェブスパムを報告」を実施し、2万件の作業を完了して減少傾向にあるが、まだ新たなリンクが発生している

多くの人件費を費やすとともに、Googleのペナルティも受け、多くのキーワードが検索結果から除外されて、売上高も減少し続けている",,"下記の内容を文書で回答
大分県臼杵市佐志生８８３－１
有限会社佐志生工芸村
?0972-68-3166
木許心源
きしもとしんげん

●状況確認
?	404クロールエラーとなる「https://namaenouta.jp/mailto」は、もともとサイト内にあった？
?	このURLがロボットに収集されて、外部サイトに設置された？
●対応案
?	外部サイトに設置されているURLを報告することは困難
?	技術的な確認はできていませんが、クローラが巡回しなければ、404クロールエラーがでないのではないかと思いますが、下記のような対応で巡回を止めさせることはできないでしょうか
?	https://namaenouta.jp　のトップディレクトリに「robot.txt」ファイルを設置し、下記のような内容を記述する
?	User-agent: *
?	Disallow: /mailto",,,,,,
61,123,1,01.個別サイバーセキュリティ事象の相談【Mission１】,061.なりすまされたECサイトの被害,当社の社名、住所、代表者名等をなりすましサイトに困っている。またなりすましサイトにより、商品が届かないという苦情の電話あり、対策等を教えてもらいたい。,"１　お客様から「当社のサイトにより、商品を注文したが、未だ届いていない。」という苦情の電話を受け、調査したところ、当社の社名、住所、代表者名等をなりすましたサイトが存在することを知った。
２　当社の社名、住所、代表者名等をなりすましたサイトにより、被害を被ったお客様に対し、どう対処したらよいか教えてもらいたい。
３　なりすましサイトにより、今後も同様な被害を被るお客様を出さないためにも、なりすましサイトに対する有効な対策等を教えてもらいたい。",,"１　貴社のホームページ上に、貴社の社名、住所、代表者名等をなりすましたホームページが存在しており、貴社とは全く関係ないことを注意喚起しておくこと。
２　貴社のなりすましサイトにより、被害を受けたお客様に対しては、住居を管轄する警察署に被害届を提出するよう伝授すること。
３　なりすましＥＣサイト対策協議会のサイトからマニュアルを抽出し今後の対策を講じるよう教示した。",,,,,,
62,138,1,01.個別サイバーセキュリティ事象の相談【Mission１】,061.なりすまされたECサイトの被害,自社のＨＰがネット上でコピーされている。,"自社のＨＰ（ネット販売）が違法にコピーされている。
対応方法を教えてくさい。","なりすましＥＣサイト協議会に違法サイトを登録することが出来る。
※入力フォームで削除依頼が可能。","なるすましサイトへの対応方法(自社ＨＰで注意喚起等）及び、なしすましＥＣサイト対策協議会のホームページを案内した。
具体的な被害発生時には所轄署への被害相談を依頼した。",昨年度に同様な相談が当該者からあった。,,,,,
63,141,1,01.個別サイバーセキュリティ事象の相談【Mission１】,061.なりすまされたECサイトの被害,昨年１２月より不正アクセスが発生、信販会社より多額の請求がきた。,"当社は出版販売会です。
ネット販売をしていますが、昨年度より大量の不正アクセスが発生しています。その内容は不正なクレジット番号や住所名義で購入入力を繰り返す攻撃です。
実際の商品不正搾取は発生していない様子ですが、取り扱い信販会社からネット処理料が約１００万（一件１．２円取引が不正でクレジット認証が不成立でも発生する）の請求がきています。",,実際のネット被害が発生しているので、警視庁サイバー犯罪対策課を案内した。,,,,,,
64,146,1,01.個別サイバーセキュリティ事象の相談【Mission１】,061.なりすまされたECサイトの被害,ネット販売している当社の会社名、電話番号が不正に使用された。,"ネット販売利用者から商品（サングラスフレーム）購入し代金を振り込んだが商品が配送されないとのクレーム連絡が当社あった。
当社の通常販売商品と品目が異なる為、そのネット販売会社を検索し確認した。

①当社と同じ会社名を使用している。
②連絡先電話番号は当社の連絡先を流用している。
③事業所住所は埼玉県（当社は中野区）になっている。

１月２３日の時点では被害連絡は１件。

不正サイトへの対応及び被害者への対応を教えてください。",,被害の状況を確認し「なりすましＥＣ対策協議会」を紹介した。,,,,,,
65,150,1,01.個別サイバーセキュリティ事象の相談【Mission１】,061.なりすまされたECサイトの被害,ネットショプで自社の住所が不正に使用されている。,"自営のネットショプで掲示の会社所在地の住所、代表者名が不正に使用されている。

自社に直接、被害者(ネットで商品購入したが商品が未納）来訪しクレームがあり発覚。

対象の「いつわりサイト」アクセスし自社の住所や代表者名が無断で使われているのを確認した。

今回のいつわりサイトへの対処を教えてください。","偽りサイトURL
//DYACHPLJ.CF
※アクセスするとウイルスバスターより警告が表示される。",被害状況を確認し「いつわりEC対策協議会」を紹介した。,,,,,,
66,151,1,01.個別サイバーセキュリティ事象の相談【Mission１】,061.なりすまされたECサイトの被害,弊社の会社名、および事務所所在地を、使用した、偽サイトが存在します。,"弊社名、および、住所以外はうその情報で、電話番号は「現在使われておりません」となります。弊社には木挽という社員はおりません。

店舗運営責任者：木挽隆義
店舗セキュリティ責任者：木挽隆義
電話：０３－５７９７－４０４４


偽サイトで購入した方から、弊社へ、
「振込みをしたのに、商品が届かない」と問い合わせがありました。

お問い合わせのあったからの情報のＵＲＬを見たところ、
弊社とは無関係な
ＱＨＲＡＯＴＳ　ｗｉｌｄｂｅｒｒｙ
というショップ名のバナーがあり、
直接電話しましたが、電話は現在使われていない番号でした。


他のＵＲＬでも同様の被害があり、弊社で取り扱いのないブランド品の激安サイトで、
振込みをしたお客様から、
商品が届かないとお問い合わせがありました。


被害が拡大しないために、手を打ちたいのですが、
警視庁のサイバー対策の部署は何度電話をしても、他の対応中のアナウンスで、電話が自動手金切れてしまいます。

世田谷警察署の生活安全課には電話で相談済みですが、
特に対応はされないようです。

どうしたらよろしいでしょうか？
風評被害も心配です。",,"●緊急対応
他のお客様の被害が拡大しないように、また、他の利用者からの苦情に対応するために、「なりすましECサイト対策マニュアル」に従って、対応することをお勧めします。
☆なりすましECサイト対策協議会
https://www.saferinternet.or.jp/narisumashi/
「なりすましECサイト対策マニュアル」
https://www.saferinternet.or.jp/system/wp-content/uploads/narisumashi_manual.pdf

具体的には、
①問い合わせ対応
　顧客対応からの問い合わせに対しての文面例
http://www.saferinternet.or.jp/system/wp-content/uploads/template002.docx
実被害者は、偽サイトで振り込んでしまった方ですので、被害者の所轄の警察署に被害届を出すように促してください。

②被害拡大防止
サイト内等で、他の利用者に対して注意喚起してください。
http://www.saferinternet.or.jp/system/wp-content/uploads/template001.docx

実例として、下記のようなページがあります。
「当店と誤認させるようなウェブサイト（なりすましECサイト）について」
https://namaenouta.jp/docs/attention.html

●風評被害について
「なりすましECサイト対策マニュアル」に従って、自社サイトで利用者に注意喚起等を行うことによって、「ユーザー（お客様）が逆に怖がってしまう」という事例は聞いていません。偽サイト、偽メールを騙られた多くのサイトは、マニュアルにあるような対応を取っています。
他に被害が拡大しないようにすることが、正規のECサイト運営者の責務であり、お客様への注意喚起を含めて、マニュアルに記載されているような対策を講じることにより、説明責任を果たすことで、社会的信用の喪失を防げると思います。
このような処置をきちんと行うことにより、セキュリティ意識のあるECサイトとして、逆に信頼に繋がると思います。

●相談及び届出
犯罪の可能性のある相談窓口は、警視庁サイバーセキュリティ犯罪対策課（03-3431-8109）であり、お掛けになった電話番号でよろしいと思いますが、相談が多く混み合っているものと思われます。

なりすまされたECサイトからの被害届を、警察が受理し立件できると判断するかは難しいところです。
なりすまされたECサイトの被害として、
著作権法違反、商標権侵害、不正競争防止法違反、詐欺罪等の法令違反の可能性はありますが、なりすまされたECサイトの被害を立証できる証拠を揃えることが困難なのが実情です。",,,,,"●緊急対応
他のお客様の被害が拡大しないように、また、他の利用者からの苦情に対応するために、「なりすましECサイト対策マニュアル」に従って、対応することをお勧めします。
☆なりすましECサイト対策協議会
https://www.saferinternet.or.jp/narisumashi/
「なりすましECサイト対策マニュアル」
https://www.saferinternet.or.jp/system/wp-content/uploads/narisumashi_manual.pdf

具体的には、
①問い合わせ対応
　顧客対応からの問い合わせに対しての文面例
http://www.saferinternet.or.jp/system/wp-content/uploads/template002.docx
実被害者は、偽サイトで振り込んでしまった方ですので、被害者の所轄の警察署に被害届を出すように促してください。

②被害拡大防止
サイト内等で、他の利用者に対して注意喚起してください。
http://www.saferinternet.or.jp/system/wp-content/uploads/template001.docx

実例として、下記のようなページがあります。
「当店と誤認させるようなウェブサイト（なりすましECサイト）について」
https://namaenouta.jp/docs/attention.html

●風評被害について
「なりすましECサイト対策マニュアル」に従って、自社サイトで利用者に注意喚起等を行うことによって、「ユーザー（お客様）が逆に怖がってしまう」という事例は聞いていません。偽サイト、偽メールを騙られた多くのサイトは、マニュアルにあるような対応を取っています。
他に被害が拡大しないようにすることが、正規のECサイト運営者の責務であり、お客様への注意喚起を含めて、マニュアルに記載されているような対策を講じることにより、説明責任を果たすことで、社会的信用の喪失を防げると思います。
このような処置をきちんと行うことにより、セキュリティ意識のあるECサイトとして、逆に信頼に繋がると思います。

●相談及び届出
犯罪の可能性のある相談窓口は、警視庁サイバーセキュリティ犯罪対策課（03-3431-8109）であり、お掛けになった電話番号でよろしいと思いますが、相談が多く混み合っているものと思われます。

なりすまされたECサイトからの被害届を、警察が受理し立件できると判断するかは難しいところです。
なりすまされたECサイトの被害として、
著作権法違反、商標権侵害、不正競争防止法違反、詐欺罪等の法令違反の可能性はありますが、なりすまされたECサイトの被害を立証できる証拠を揃えることが困難なのが実情です。",
67,155,1,01.個別サイバーセキュリティ事象の相談【Mission１】,061.なりすまされたECサイトの被害,自社のサイトがなりすまされた。,"社名、住所が同じECサイトで、お客さんが気づかずに注文した。
中小企業振興公社からここに電話するように言われた。
警察は、サイバーセキュリティ犯罪対策課でいいか？
今後、何をすればいいか？",,"●実際に偽サイトから購入したお客様に対して
・実被害があった場合は、証拠を揃えて、警察署サイバーセキュリティ犯罪対策課、もしくは、所轄の警察署へ
●なりすまされたECサイトの運営者に対して
・サイト内に注意喚起のお知らせを掲載
・問合わせ対応文書の作成
詳細は、なりすましECサイト対策協議会のWebページ及び掲載マニュアルを参照のこと",,,,,,
68,12,1,01.個別サイバーセキュリティ事象の相談【Mission１】,062.なりすましサイトの利用者の被害,中国の子会社が、なりすましメールにより、従業員の携帯電話番号やメールアドレスを盗まれた。,"１、中国上海の子会社に対し、会社の責任者を名乗ったなりすましメールが入り、そのメールを信用した現地の中国人社員が、従業員の携帯電話番号とメールアドレスを返信してしまった。
２、その後、なりすましメールや被害等はないが、なりすましにより従業員の携帯電話番号など、盗まれた事実について、中国の顧問弁護士を通して現地の公安（警察）に通報する予定である。",,"１、現地サイバー担当者を介して、不審　なメールに対し返信したりしないよう、　従業員に対し、指示教育を徹底させる　こと。
２、今後、金銭等の要求があった場合　  は、直ちに地元公安等に届けること。３、親会社に金銭等の要求があった場　合は、直ちに管轄警察署に届け出る　こと。",,,,,,
69,117,1,01.個別サイバーセキュリティ事象の相談【Mission１】,062.なりすましサイトの利用者の被害,不正口座に現金を送金してしまい、現金は戻らずどうすれば良いか教えてもらいたい。,"１　当社は、風力発電の製造会社である。
２　中国青島の発電販売会社から、発電機を購入するため、振込先銀行や口座番号等メールで確認した。
３　送信されてきた口座番号に現金５０万円を送金したが、数日経っても発電機が届かなかったので、受注元に「現金５０万円を送金したが、発電機が届いていない」旨の苦情を申し向けたところ、受注元から「現金５０万円は送金されていない」等の連絡を受けた。
４　発電機を購入するために確認した口座番号と実際現金を送金した際の口座番号が異なっていたので、現金を送金する直前に送信されてきた口座番号は、不正アクセスされたものと分かり、現金５０万円の被害にあったことが判明。",,"１　不正アクセスによる被害であるが、当相談窓口では、不正アクセスされた口座番号から口座名義人など、捜査すること等はできない。
２　被害を受けた事実について、会社を管轄する警察署に被害を届出ること。
３　今後現金を送金する際は、直前に相互確認をすること等を教示した。",,,,,,
70,152,1,01.個別サイバーセキュリティ事象の相談【Mission１】,062.なりすましサイトの利用者の被害,なりすましECサイトに振り込んでしまった,既に銀行には届けた。,,"犯罪の可能性があるので、警視庁サイバー犯罪対策課に相談するように伝えた。
また、被害の届出先は西新井警察署であることも伝えた。",,,,,,
71,156,1,01.個別サイバーセキュリティ事象の相談【Mission１】,062.なりすましサイトの利用者の被害,アドウェアの表示に従ってソフトの使用料をクレジットで払ったが、送られてきた登録キー生成でエラーになって使えない,"●経緯
・スリムウェアクリーナーというソフトの購入を促すアドウェアが度々表示される（マイクロソフト推奨のような表示有）
・1年の使用料が19ドル
・クレジットカードで申し込んでしまった
・登録キーが生成できなくて、利用できない
・サポートの連絡先が、消費者センターだった
・消費者センターに連絡すると、企業は受け付けないとのこと
・中小企業振興公社に連絡すると、対応できないとのことで、警視庁か、当窓口を紹介された
・警視庁サイバー犯罪対策課に電話すると、テープが流れて担当者がでない
●相談
クレジット番号を入力してしまったので、継続して引き落とされるのが心配",,"●状況
・実際には使えないソフトの購入を促すアドウェアと思われる
●緊急対応
・登録キーが生成できなくて利用できないのであれば、「犯罪」の疑いがある
・犯罪の可能性があるので警視庁サイバー犯罪対策課に再度連絡する（テープが流れたのは混み合っているからかと思われる）
・または、証拠資料を揃えて、所轄の警察署に届ける
●原因
・なぜアドウェアがインストールされたかはわからないとのことだが、何らかのサイトを見に行ったか、インストールしたソフトにバンドルされていたかと思われる
●今後の対応
・これからもアドウェアが表示されるなら、PCを初期化したほうがいいかもしれない
・アドウェアが表示されたら、まずはそれを消すことを検討すること
・アドウェアの表示に従って、クレジット番号を入れたりして注文しないこと",,,,,,
72,73,1,01.個別サイバーセキュリティ事象の相談【Mission１】,063.なりすまされた利用者の被害,名前や住所を無断で使われ、他社にメールされたが、今後このようなことをなくす方策等を教えて下さい。,"１　今日、パソコン上に「大塚商会から新規登録され、ＩＤが発行されました。」とのメールが届いたので、確認した結果、当社から大塚商会にメールを送信した社員がいなかった。
２　ＩＤ発行した事実関係について、大塚商会に問い合わせたたところ「今月３日、当社から大塚商会に新規のメールが届いたので、大塚商会からＩＤを発行した。」との回答であった。
３　大塚商会に対する、当社の名前や住所を無断で使った偽メールということが判明し、大塚商会の同意の基、ＩＤ発行の抹消をした。
４　当社としては、勝手にメールを使用されたのみで、他に被害等の事実はなかった。",,"１　今回のように、不審なメールについては、相手先に確認し、対処すること。
２　今回のメール事案を社員全員に周知徹底し、不審メールは絶対開かないよう指導教養を徹底すること。
３　今後、同種事案が続くようであれば、営業妨害として、警察に被害届を提出すること。",,,,,,
73,10,1,01.個別サイバーセキュリティ事象の相談【Mission１】,08.集中アクセス（DoS攻撃等）によるサービス停止,不正メールにてＤDOS攻撃とビットコインを要求された。,"ＨＰ上の問い合せ用メール（入力）を利用した、ビットコインの要求とＤＤＯＳ攻撃の実施を脅迫するメールである。(支払期限水曜日）

6/27 0：35,6/28 10:17 ２回メール受信

【相談内容】
・今回の様なメール被害と対応についての事例を教えてほしい。

問い合せ用ＷｅＢサーバ（メール入力用）は、クラウド業者のサイトにてシステム運用を依頼している。

【メールの流れ】
①Ｗｅｂ窓口問い合せに入力
②メール　Ｔext 変換、添付ファイルなし
③メーリングリストにて社内関係者へ送付しいる

 ＜機器＞
ＰＣ　１０台以上、Ｗｉｎｄｏｕｓ　Ｕｐｄａｔｅ、セキュリティソフト導入、ＷＡＦ導入、ウイルススキャン週一回実施。",ファーストコンタクトは業務担当角谷氏、以降はシステム担当古川氏と会話した。,"１、事例については、ビットコイン要求のＲansamware事例を説明。
２．現状から、Ｗｅｂサーバ運用中のベンダー窓口にて下記の確認依頼を要請した。
・不正メールデリバリー停止
・ＤＤＯＳ攻撃の事前予防処置
・Ｗｅｂサーバログ調査等
３．その他
・別途、社内サーババックアップの必要性を確認した。",,,ガイドブックP.24,,,
74,53,1,01.個別サイバーセキュリティ事象の相談【Mission１】,08.集中アクセス（DoS攻撃等）によるサービス停止,ドス攻撃により、２日間業務を停止させられ、被害届を提出したいがどうすれば良いか教えてもらいたい。,"１　２年前、現在の会社を買収する際、買収先のオーナーを現会社の役員として残すという契約をした。
２　現会社に残した役員が、不正を犯したことにより、その役員を会社から退社させ、それが基で会社と役員との間で現在訴訟中である。
３　そんな中、２日間会社のサーバーにドス攻撃を受け、業務を停止していたところ、退社させた役員から「ドス攻撃を解除させたいなら、現金を支払え」等といった内容のファックスが届いた。
４　サーバーについては、２日間の業務停止後、直ちに復旧させ、現在は正常業務を行っている。
５　ドス攻撃を仕掛けた相手は、実際わからないが、２日間業務を停止させられ、被害を受けた事実は間違いないので、被害届を提出したいが、どうすれば良いか教えてもらいたい。",,"１　ドス攻撃により、２日間業務停止の被害を受けたことを立証するため、データを確保し、証拠化すること。
２　ドス攻撃した者は不明であるが、元役員から送信されたファックスの内容をコピーし証拠化すること。
３　証拠化したデータ等を持参しうえで、管轄警察署である四谷警察署に被害届を提出すること。",,,ガイドブックP.24,,,
75,88,2,01.個別サイバーセキュリティ事象の相談【Mission１】,08.集中アクセス（DoS攻撃等）によるサービス停止,"ルータの負荷が異常に高い。
Dos攻撃を受けている可能性について教えてください。","サ―バ側でトラフィツク異常を検知している。
検知内容はルータの同一ＩＰアドレスよりのフレーム受信である。
ルータ（ＹＡＭＡＨＡ　Ｒｄｘ１２００）高負荷状態であり、端末ＰＣの動きが悪い。
ＩＳＰへの問い合せに関しては、ネットワークに異常は無いとの返答であった。

ルータ販売サービスの窓口への問い合せでは、原因は不明であった。
Ｄｏｓ攻撃（Ｒａｎｄ攻撃）の可能性も含めて対応方法を教えて下さい。",,"障害現象(電源Ｏｆｆ/ＯＮでも一定時間経過後に再発する）よりルータの故障等が推定できるが、技術面での判断は現場では難しいと思われる。
原因に切り分けを考慮しＩＰＡ相談窓口を紹介した。",,,ガイドブックP.24,,,
76,52,2,01.個別サイバーセキュリティ事象の相談【Mission１】,09.内部不正による情報漏えいと業務停止,ＵＳＢメモリ粉失に関しての対応,"個人事業主として業務委託によるコンサル業を行っている。
業務上の取り扱い個人情報（氏名、生年月日、家族、年収、給与等）約５０名～６０名をＵＳＢメモリに保管していた。

１１月１２日にＵＳＢメモリの粉失を確認した。（杉並区阿佐ヶ谷暑へ届済）
推定では、１１月２日～９日間での移動中に粉失した可能性が高い。

①ＵＳＢメモリの個人情報は、粉失直前に、マニアルでＵＳＢメモリから削除しているが、復元される可能性はあるのか？
②ＵＳＢメモリは暗号化されていない。
③取得者による悪意の個人情報使用が心配であり、今後の対応方法を知りたい。",,"ＵＳＢメモリ内のスプレッドシート（Ｅｘeｌ，Ｗｏｒｄ）からのデータマニアル削除は復元可能。今後ＵＳＢメモリは最低限暗号化機能を使用することを説明。

①粉失ＵＳＢメモリ情報の漏えいに備えて、粉失情報の一覧表作成する。（緊急時への対応）
②対象個人への対処は、業務委託元と協議を依頼。（委託元のセキュリティポリシイによる判断が必要）",,,,,,
77,3,4,01.個別サイバーセキュリティ事象の相談【Mission１】,09.内部不正による情報漏えいと業務停止,元従業員（嘱託員）による自社名義ホームページの無断開設について,元従業員（嘱託員）が、無断で会社の名前やロゴ、社長の写真を使って、偽りのホームページを作って使っていた。現在は、偽りのホームページは削除したが、元従業員がどのような犯罪に該当するのか参考まで教えてもらいたい。,相談者が、警視庁サイバー犯罪相談窓口に電話をした際、同サイバー犯罪相談窓口から当中小企業サイバーセキュリティー相談窓口を紹介され、電話してきたものである。,各種法令に抵触する可能性があるので、希望があれば管轄署である愛宕警察署保安係に相談に行くよう教示した。,警視庁サイバーセキュリティー対策本部石井警部に連絡済み。,,ガイドブックP.26,,,
78,39,1,01.個別サイバーセキュリティ事象の相談【Mission１】,09.内部不正による情報漏えいと業務停止,元社員から、社員を脅迫するメール攻撃を受けているがどう対処すれば良いか教えてほしい。,"１　当社のメールアドレスに対し、元社員から「給料の未払い分を支払え」という内容のメールが繰り返しあり、嫌がらせメールと判断し相手にしなかった。
２　すると、元社員は「会社や社員の情報を持っているお金を支払わなければインターネット上にばらまく」更に「女性社員の名前を出して、男性器をなめろ」等と脅迫や卑猥なメールを毎日送信してきた。
３　元社員からのメールなので、なるべく穏便に済ませたいと思っているが、内容が脅迫や卑猥なメールになってきたので、会社として大変困ってきているので、今後どうしたら良いか対処方法等を教えてもらいたい。",,"１　元社員から、これまで送信されてきたメール内容を全部保存し、証拠化しておくこと。
２　証拠化したメール内容をコピーし、管轄警察署である万世橋警察署に対し、被害届を提出すること等を教示した。",,,ガイドブックP.26,,,
79,51,1,01.個別サイバーセキュリティ事象の相談【Mission１】,09.内部不正による情報漏えいと業務停止,退職者がシステムに侵入したり、女性経営者を盗撮してウェブにアップしている？,"■状況
ネットワーク経由で情報が盗まれているようだ。
また、無断で経営者の後姿を撮って、ウェブに掲載したようだ。
■現状確認
元システム管理者の仕業と思っている
現在はシステム管理者がいない
個々のシステムの管理が外部に委託している
ルータのパスワードは変更できないので、新しいのしたほうがいいと言われ入れ替えた
個々のシステムの管理業者の言いなりになっているため、適切な対応が取れていない",,"■原因
スキルの高いシステム管理者が退職したあと、全体がわかる管理者がいないため
■緊急対応
嫌がらせ、盗撮行為は、ストーカー行為に相当するので、管轄の警察署の生活安全課に相談するように
■暫定的対策
退職者のIDは削除する
全ての機器の管理者権限のパスワードを定期的に変更
■恒久的対策
システム管理、セキュリティ管理ができる情報処理技術を保有する人材を育成もしくは確保する
その人材が中心となって、システム化、セキュリティ対策を体系的に実施する",経営者の方からの相談であるが、システム管理に関して十分な知見がないにも関わらず、自分の言っていることは正しいと誤認している。このような経営者に正しいIT知識を習得させることが重要。,,ガイドブックP.26,,"■原因
システムがわかる管理者がいないため
■緊急対応
嫌がらせ、盗撮行為は、ストーカー行為に相当するので、管轄の警察署の生活安全課に相談するように
■暫定的対策
退職者のIDは削除する
全ての機器の管理者権限のパスワードを定期的に変更
■恒久的対策
システム管理、セキュリティ管理ができる情報処理技術を保有する人材を育成もしくは確保する
その人材が中心となって、システム化、セキュリティ対策を体系的に実施する",
80,71,4,01.個別サイバーセキュリティ事象の相談【Mission１】,09.内部不正による情報漏えいと業務停止,辞めた会社で私用のgmailアドレスを使っていたが、gmailアカウントを勝手に消しても良いか。,"　１年前まで働いていたタイムカプセルという会社で、Githubというウェブサービスを利用していた。
　Githubにおいて、会社の役員のアカウントを自分が管理しており、自分のgmailアドレスを連絡先に指定していた。
　その後会社を辞めたが、自分のgmailアドレスに会社の機密情報のようなメールが多数送られてくるので、gmailアカウント自体を消そうと思った。
　おととい会社に電話したところ、メールで連絡してほしいと言われたので、昨日問い合わせのメールをしたが、まだ返答がない。
　Gmailアカウントを勝手に消して良いか。
　アカウントを消すことにより、法的な問題が生じないか心配である。",,"　メールの運用については、会社のセキュリティポリシーなどもあると思われるため、対応について一概に回答はできない。
　会社ともう一度電話連絡を取り、話し合って対応を決めてほしい。","会社は都内に拠点なし。
相談者は横浜在住。",,ガイドブックP.26,,,
81,147,1,01.個別サイバーセキュリティ事象の相談【Mission１】,10.Web サイトの改ざん,中央会のサイトが改ざんされた,"「中央会のサイトが改ざんされた」とネット上に書き込まれている。
調べたところ、ウェブサイトの一部に不審な画像が張り付けられていた。
どうすればよいか。","東京都ＣＳＩＲＴからの連絡で発覚。
実際は、こちらから中央会に連絡したもの。","　同団体のウェブサイトを確認したところ、不審な画像が張り付けられていることが判明した。
　不正アクセスの可能性があることから、サーバーを一時停止の上、ログ確認などの調査をすることを勧めた。
　調査の結果、何者かが同団体のウェブサーバーに侵入したうえ、ＣＭＳを利用して書き込みをした形跡があることが判明した。
　ＣＭＳのサービスは停止したが、ウェブサイトは引き続き運用するとのことであった。",,,ガイドブックP.28,,,
82,63,1,01.個別サイバーセキュリティ事象の相談【Mission１】,11.インターネットバンキングの不正送金,メールで送られてきたフィッシングサイトに、ID、パスワード、マトリックスカードの数字を入力した。,"インターネットバンキングを騙るメールに記載したURLをクリックすると、本物と酷似した偽サイトが表示され、その画面内にある契約者ID、パスワード、マトリックスカードの指定の数字を入力してしまった。銀行には連絡して、マトリックスカードを変えてもらった。
それでいいか？

また、会社のinfo宛てにフィッシングメールが多くなっている",,"処置には問題がない。

Info宛てのメールは、想定されるアドレスであり、送られてくるのは仕方ない。ただ、送信元アドレス、ドメインを受信拒否することはできる",契約者ID、パスワードを変更したかは不明である。,,ガイドブックP.30,ガイドブックP.68,"●予防策
銀行サイト指定の対策アプリの利用
2段階認証、ログイン端末通知
【窓口回答】ガイドブックP.30,P.68を紹介
●緊急時対応
【緊急】銀行、カード会社に届出
【届出】銀行、カード会社が、所轄の警察署に届出
  被害者は銀行、カード会社となるため","ガイドブックP.30,P.68"
83,18,1,01.個別サイバーセキュリティ事象の相談【Mission１】,20.ネット上の誹謗・中傷,ＧｏｏｇｌｅＭａｐの口コミ欄記事を削除したい。,"自営クリニックについて、ＧｏｏｇｌｅＭａｐ口コミ欄に不適切な記載があり、削除又は訂正する方法があれば教えてください。

弁護士や医師会に相談したが、米国企業の為、削除訂正依頼は難しいとの回答であった。

Ｇｏｏｇｌｅ相談窓口へ削除依頼を行ったが、当クリニックと第三者（口コミ投稿者）間での問題であり、対応判断は難しいとの連絡であった。",,"相談窓口を複数紹介し対応依頼をおこなった。
・法テラス
・警視庁サイバー犯罪対策課
・ＩＰＡ「情報セキュリティ安心相談窓口」
・違法・有害情報相談センター",【参考】ＧｏｏｇｌｅＭａｐ口コミ欄投稿に関するトラブル事例が多く検索される。,,,,,
84,56,1,01.個別サイバーセキュリティ事象の相談【Mission１】,20.ネット上の誹謗・中傷,評価サイトに、会社等の悪口を掲載されたが、どうすれば悪口をサイトから削除すれば良いか教えてもらいたい。,"１　今年４月に２～３回、更に９月１回、電話で応対した顧客から、インターネットの評価サイトに、会社の評価５段階中１の最下位にされ、さらにコメント欄に「電話応対が悪い、無愛想な口を聞く」等と悪口を記載された。
２　応対した事実は間違いないが、悪口を記載されるほど、悪い応対はしなかった記憶がある。
３　このまま悪い評価を記載されたままでは、仕事に悪影響が出てしまうので、悪口の記載をなくすためにはどうすれば良いか教えてもらいたい。",,"１　サイトに記載した顧客と電話応対した事実はあり、更にサイトに記載された悪口は、脅迫や業務妨害にも該当せず、事件性はない。
２　悪口をサイトから削除してもらう方法として、サイト会社にメールで、削除依頼をする方法はあるが、削除してもらえるかどうかは、相手側次第となることを教示した。",,,,,,
85,58,1,01.個別サイバーセキュリティ事象の相談【Mission１】,20.ネット上の誹謗・中傷,ＳＮＳ２チャンネルサイトで、いやがらせメールを受けたので、メール内容を見て話をしたい。,"１　趣味人ＳＮＳ２チャンネルサイトで、嫌がらせメールを受けた。
２　警視庁愛宕警察署で、嫌がらせメールの対応策等を相談したたところ、署の担当者から、嫌がらせメールについては、直接サイト業者に言って、サイトから消してもらうよう指導された。
３　嫌がらせメールは、「趣味人　２チャンネル」で検索してもらえばわかるので、見てもらいたい。それを見ながら詳しい内容を話したい。",,"１　都では、２チャンネルは見れません。
２　趣味人スペース２チャンネルサイトは見れないが、嫌がらせメールを受けた内容を教えてもらいたい旨を申し向けた。
３　相談者は、サイトが見れないなら話しても仕方ないので、もういいと言いながら、一方的に電話を切ったもの。",,,,,,
86,130,1,01.個別サイバーセキュリティ事象の相談【Mission１】,20.ネット上の誹謗・中傷,利用しているサイトに、相談者の個人情報が勝手に公開され困っているのでどうすれば良いか教えてもいらたい。,"１　利用している企業サイトの方に、顔写真である個人情報が勝手に公開されている。
２　相談者以外にも、同サイトを利用している者も勝手に顔写真を公開されているようです。
３　顔写真である個人情報をサイトから削除してもらいたいので、どうしたら良いか教えてもらいたい。",相談者は、一般人(個人)である。,"１　利用しているサイト側に対し、直接個人情報の削除依頼をするとトラブルが発生する可能性もある。
２　削除方法としては、第１に、日本司法支援センター(法テラス)に相談し、その上で対処することが大切であることを教示した。",,,,,,
87,142,1,01.個別サイバーセキュリティ事象の相談【Mission１】,20.ネット上の誹謗・中傷,他人のプログでお店に関する批判、中傷が多発している。,"特定のプロガー（アメプロ）よりお店のに関する批判、中傷が昨年の１２月より発生している。
この営業妨害行為をやめさせる対策を教えてください。",,営業妨害に関する資料（プログメッセージ写真等）を持参して所轄警察署への相談を進めた。,,,,,,
88,153,4,01.個別サイバーセキュリティ事象の相談【Mission１】,20.ネット上の誹謗・中傷【10大脅威より】,ネット掲示板で差別的表現で攻撃される,"Ｙａｈｏｏの知恵袋で質問したりすると、差別的表現で攻撃される。
他の掲示板でも同一者と思われる人物より攻撃される。
攻撃者本人は、慶応大学の学生と推定している。（本人の自慢話が当大学関連の場合が多い為）
現在、直接の被害は無いが家族に攻撃がエスカレーションするのが心配です。
（掲示板に主人に関する記載があった）
警察や慶応大学の窓口に相談したがその対応に不満です。","相談内容が抽象的であり攻撃された内容が不明であった。
精神的に不安定な様子。",本人の相談事項が不明確のため、家族（主人）と同行し所轄署ｓへ再度相談を勧めた。,,,,,,
89,20,2,02.全般的なサイバーセキュリティ対策の相談,010.全般的対策,"個人所有の携帯・スマホを業務使用している。
セキュリティ上の対策を教えてほしい。","現在、職員個人の携帯端末、スマホ端末で業務メール、ﾌｧｲﾙ共有等をＯｆｆｉｃｅ３６５クラウドサービスを利用して行っている。

企業活動上の情報セキュリティリスクについて
ＢＹＯＤセキュリティ対策を検討中です。
セキュリティ対策事例やＢＹＯＤ事故事例について教えてください。

当社セキュリティ環境は、特別にセキュリティ担当を置いていない、また中小企業で必要とされるセキュリティに関するルール（規定等）は未作成。",中小企業サイバー（情報）セキュリティ対策について、モデル事例化を検討。,"都庁サイバーセキュリティ相談窓口にて、詳細を相談予定。
来庁日をスケジュール中。",,,,ガイドブックP.60,,
90,32,4,02.全般的なサイバーセキュリティ対策の相談,010.全般的対策,サイバーセキュリティーとは、どういう意味なのか教えてもらいたい。,"１　１０月２日付の警視庁の広報誌により、都庁内に中小企業サイバーセキュリティ相談窓口が開設されているのを知った。
２　中小企業や相談窓口という言葉は、日本語なので分かるが、サイバーセキュリティの意味が分からない。
３　日本人なら、サイバーセキュリティ等と英語を使わず、日本語にしてもらいたい。
４　パソコン等はなく、インターネットを使ったことはない。",,"１　サイバーセキュリティとは、サイバー攻撃からの防御行為となります。
２　コンピータに不正侵入や情報漏えい等で被害を受けたり、又受ける前の防御方法等を教示するために開設した相談窓口になります。
３　開設したサイバーセキュリティの名称は、日本語に変更はできないので、コンピータに不正侵入や情報漏えい等で被害を受けたり、又被害を受ける前の防御方法等を教示するための相談窓口とそのままご理解ください。",,,,ガイドブックP.79,,
91,49,4,02.全般的なサイバーセキュリティ対策の相談,010.全般的対策,ウイルス感染の重要性等の認識が薄い経営者に対し、適切なアドバイスをしていただきたい。,"１　９０台設置されているパソコンのシステム管理を一人で担当している。
２　ウイルスの感染により、部外との通信遅延障害を受けた過去がある。
３　今後の感染対策等として、クラウドの変更や
ウイルス対策等のバージョンアップを経営者にお願いしたものの、経営者から「内の会社に限ってウイルス感染被害に遭う事は無い」と言って、一切ウイルス感染対策に力をいれてくれないので、困っています。
４　ウイルス対策の重要性等につい理解をして頂くために、経営者から相談の電話を入れさせてもらっても良いでしょうか。",,"１　標的型ウイルス（ランサムウエア）は、大手、中小企業を問わず攻撃し、その被害は増加傾向にあり、自分の会社だけは大丈夫ということは絶対にないという今日のシンポジウムの内容を説明すること。
２　会社にとって、クラウドの変更やウイルスのバージョンアップの必要性を直属の上司を介して理解させること。
３　サイバーセキュリティー相談窓口に対し、経営者が電話相談するという方法もあることを教示した。",,,,ガイドブックP.79,,
92,57,2,02.全般的なサイバーセキュリティ対策の相談,010.全般的対策,サイバーセキュリティ対策について教えてください,"・退職金の運用に関して個人情報や口座番号など重要情報を保管しています。
・サイバーセキュリティ対策として対応策を検討中です。
・最近のサイバーセキュリティ対策について安全管理措置やサイバーセキュリティ相談窓口を教えてください。",独立法人へのサイバーセキュリティ対応方針ははＮＩＳＣからガイドラインが発行されている。,"相談窓口での対応予定（１２月１６日１４：００～１５：００）
石川氏、他２名",,,,ガイドブックP.79,,
93,64,2,02.全般的なサイバーセキュリティ対策の相談,010.全般的対策,迷惑メール及び一般的情報セキュリティー対策等についてアドバイスをもらいたい。,"１　昨年１２月、ＩＴソリューショングループを新設したが、会社のメールのパスワードが盗まれ、当社の名前をかたる送信事案があった為、パスワードを変更した結果、同種事案はなくなった。しかし最近、迷惑メールの書き込みが多くなったので、迷惑メールを止めるにはどうすれば良いか教えてもらいたい。
２　今後、ＩＴソリューショングループとして仕事を進めていくための情報セキュリティー（投資等）についての対策等があれば、教えてもらいたい。",,"１　迷惑メール対策としては、不審なメールを絶対開かないこと。併せて、不審なメールを開かないよう経営者を含め社員全員に徹底指導すること。また、
メールレンタルサービスに対し、不審なメールに対しては、フィリタリングを掛けられないかを確認する。
２　情報セキュリティーのための投資については、全てのリスクに対して技術的対策をすることは困難。セキュリティー被害を受けた場合、その被害に対し会社が被る損害の可能性が高い順に投資をすることが重要になることを考えること。また、システムを入れる際に、セキュリティーも同時に入れるなど、ＩＴとセキュリティー対策を一緒にすることも大切である。更に、経営者を含め、社員全員に対し、セキュリティーポリシーやガイドブックを作成したり、併せてＩＴパスポートの試験を受けさせることも大切であること等を教示した。
　　　","■【補足】一般論として説明した内容
まずは、9か条の遵守
サンプルを参考に、職員向けハンドブックの作成

後付けのセキュリティ対策は大きな投資が必要
今後セキュリティ対策は、IT化投資の一環で考える
業務効率化や生産性向上のための「守りのIT投資」が、セキュリティ対策により利用に過度の制限が付くことによりIT投資が無駄になる可能性がある
　 Cloud, File共有, mail, USB, DVD,
最大のセキュリティリスクは経営者
職員は、社会人の常識としてのITパスポート試験レベルを必須とする
セキュリティ侵害の70～80%は、人のミス、故意
　悪意があれば、技術的な対策はすり抜けられる
　退職者のセキュリティ対策も重要
　ログを取っていることを示すだけでも職員に対する抑止効果は大きい
まずは、人的対策、管理的対策、物理的対策、それでもカバーできないことを技術的対策
技術的対策はどれだけ投資してもリスクは残る
残留リスクをどこまで許容できるかは、経営者の判断
まずは情報資産（情報、情報機器）のリスク分析
対策はリスクの高いものを優先する
リスク＝情報資産に対する脅威（侵害する行為の発生頻度）×情報資産の重要度（機密性レベル＋完全性レベル＋可用性レベル）×脆弱性（実際に侵害が起きる可能性）
（侵害の発生頻度が高く、侵害が顕在化した場合の経済的、社会的損失の大きさ（深刻さ）を勘案してセキュリティ対策の優先度を決める。発生頻度を減らす、被害を減らす、保証を考える）
そのうえで管理的、人的、物理的、技術的対策をセキュリティポリシーとして策定（サンプルを参考に）

外部委託するなら、RFPを作って確実な審査（評価）ができる状態で
そうでなければ、業者に騙される
リスク評価、管理的対策はコンサルに頼んでも完全にはならない
まずは、業者の提案を鵜呑みにしない内部職員のスキルと知識の向上

守りのIT投資としてのセキュリティ対策でも対策が第三者評価を受ければ、ビジネス拡大につながる攻めのIT投資にもなる
　ISMS認証制度、プライバシーマーク

ビジネスの拡大・発展のための「攻めのIT投資」は、未知の世界でセキュリティリスクも高くなる。リスクの大きさと経済的効果を勘案して、セキュリティ対策の投資を考える

IPAは情報処理を振興する機構で、IT化を推進するために阻害要因の一つであるセキュリティ対策の情報を公開して啓発活動を行っている
国の施策は、内閣サイバーセキュリティセンター（NISC）を中心に、METI、総務省、警察庁がそれぞれにセキュリティ対策の実施を行っている

東京都はTCYSSを設置。東京都、警視庁、セキュリティ関係公的機関、民間セキュリティ関係機関で構成。情報を共有し、東京都に相談窓口を開設",,,ガイドブックP.79,"１　迷惑メール対策としては、不審なメールを絶対開かないこと。併せて、不審なメールを開かないよう経営者を含め社員全員に徹底指導すること。また、
メールレンタルサービスに対し、不審なメールに対しては、フィリタリングを掛けられないかを確認する。
２　情報セキュリティーのための投資については、全てのリスクに対して技術的対策をすることは困難。セキュリティー被害を受けた場合、その被害に対し会社が被る損害の可能性が高い順に投資をすることが重要になることを考えること。また、システムを入れる際に、セキュリティーも同時に入れるなど、ＩＴとセキュリティー対策を一緒にすることも大切である。更に、経営者を含め、社員全員に対し、セキュリティーポリシーやガイドブックを作成したり、併せてＩＴパスポートの試験を受けさせることも大切である。
　　　",
94,96,2,02.全般的なサイバーセキュリティ対策の相談,010.全般的対策,会社におけるセキュリティ対策は、まずなにをすべきか,自社において、パソコン関係は全て息子に任せてしまっているのでよくわからないが、セキュリティ対策というのは何から始めればいいのか。,,"「自分の会社は関係ない」という意識を廃し、職員一人一人にセキュリティに関する意識を持たせることが第一歩である。
その上で、
・パソコンのＯＳ、ウィルスソフトはアップデートをする
・万一に備えてバックアップを取る
などの対策が望ましい。",,,,ガイドブックP.79,,
95,103,2,02.全般的なサイバーセキュリティ対策の相談,010.全般的対策,経営者は、セキュリティー対策強化をする法的義務があるのかどうか教えてもらいたい。,"１　最近、サイバーセキュリティーに対する報道等の中で、特に企業の情報漏えいに関する報道が多い。
２　当社も、顧客情報等重要なデータを保存しているので、サイバーセキュリティーには非常に関心がある。
３　経営者は、サイバーセキュリティー対策強化しなければ、法的な処罰を受けるのかどうか心配なので、教えてもらいたい。",,"１　経営者は、サイバーセキュリティー対策強化の有無について、現時点法的な処罰規定はない。
２　個人情報等を漏えいにより刑事処罰され、秘密情報漏えいにより訴訟の対象となる場合はある。
３　自分の会社を踏み台として、他社が情報漏えい等の被害を受けた場合も、訴訟の対象となる。
４　サイバーセキュリティー対策強化の法的義務はなくても、将来のこと等を踏まえ対策に力を注ぐことは大切であること等を教示した。",,,,ガイドブックP.79,,
96,139,2,02.全般的なサイバーセキュリティ対策の相談,010.全般的対策,サイバーセキュリティ対策の導入方法を教えて下さい。,"サイバーセキュリティ対策を社内にて実現する方法について教えて下さい。
現在、サイバーセキュリティ対策について、「サイバーセキュリティ対策の極意」を参考に具体的対策を進めたいが、手を付けられない状態です。
良い案があれば参考にしたい。",,"「中小企業の情報セキュリティ対策ガイドラン＝ＩＰＡ」の活用を提案した。
ポイントは経営者のリーダシップが最も重要であることを説明。",具体的な対策について不明点等の再度相談を進めた。,,,ガイドブックP.79,,
97,148,3,02.全般的なサイバーセキュリティ対策の相談,010.全般的対策,セキュリティ対策はどこまでやったらいいか,"社内で、セキュリティ関連業務を外部に委託している。
現在は最低限のサービスだが、業者からはＵＴＭの導入などを勧められている。
必要ないような気がするが、よくわからない。
また、社内で公用携帯を貸与しているが、特定の人にだけ不審なメールが来る。
標的型メール訓練を行ったが、その人だけ引っかかった。
そういう人の対策にも苦慮している。",,"セキュリティ対策には際限がないので、機密情報の漏えい可能性や、セキュリティ関連予算を勘案して、合理的な範囲で投資することが理想である。
また、セキュリティ意識の低い人には啓発を行わなければならない。
警視庁ＣＳ本部の公式ツイッターで、不審なメール情報を早期に周知しているので、随時確認するよう勧めた。",,,,ガイドブックP.79,,
98,24,4,02.全般的なサイバーセキュリティ対策の相談,012.人的対策,誤送信しないための有効な方法等を教えてもらいたい。,"１　顧客６００人に対し、映像メールを送信する際、個人のメールアドレスを入力したまま、送信してしまった。
２　送信した顧客のうち、１０人の顧客から「送信されてきた映像の中に、個人のメールアドレスが出ており、誤って個人のメールアドレスを送信していないか」等の問い合せがあった。
３　調査した結果、顧客に対し、映像メールを送　信する際、個人のメールアドレスを入力したまま、誤って送信したことが判明したが、現時点において、顧客からの苦情はないものの、今後、誤送信しないための方法等について教えてもらいたい。　",現時点においては、顧客等に対る２次的な被害等はない。,"１　一度メールを送信してしまった場合、送信前に戻すことはできないので、送信する際は、送信内容等十分に検討確認した後、送信することは勿論のこと今後誤送信させないよう従業員に対する教育の徹底に努めること。
２　誤送信された顧客等に対する２次的な被害が発生した場合は、直ちに管轄察署等に届出ること。",,,,ガイドブックP.62,,
99,7,2,02.全般的なサイバーセキュリティ対策の相談,013.技術的対策,セキュリティソフト導入で安全ですか？,"業務用ＰＣ　１５台使用中。
業務用１台はＰＣでネットバンキング、インターネットを使用している。
PC～Ｂ/Ｋ　間は、　デジタル回線（専用線ではなく、ＶＮＰ接続と思われる）。

マイクロソフト　エッセンシャルはウイルス対策として実行はしているが、これだけでセキュリティ上安全であるか不安である。","南陽ハウジングの田中敦子氏（相談時は社長）
平成２８年９月２９日現在
退社のため、社長が交代していることが判明。
（電話確認：渡邊）","セキュリティ上、ネットバンキング用ＰＣは専用ＰＣとして共用利用の使用は制限、ネット利用は原則禁止を説明。

セキュリｌテイ管理全般を理解していただく為、「５分でセキュリティ自己診断」
（ＩＰＡ）の案内をした。",,,,ガイドブックP.48,,
100,14,1,02.全般的なサイバーセキュリティ対策の相談,013.技術的対策,"ハッキング等された場合の防御の方法等について→中央会の支援等を活用しホームページのリニューアルを進めている
（以前海外からのアクセスでハッキングされ、組合のウェブサイトがウイルスに侵され二次感染を防ぐためにクローズした）","6月初旬に組合員から、組合のホームページがなんだかおかしいよ。と言われ、ホームページ担当者が見たところ、ウイルス感染と思いましたので、外部に委託している㈱日本電脳の安田氏に連絡を取り調べて貰いました。KDDIに加入していたので問い合わせてみると、海外からのハッキングでウイルス感染していることがわかり、直ちにホームページをクローズし、メンテナンス中と表示しました。二次感染したら賠償責任で訴えられることもあると思いました。そこで、東京中央会に相談したところ、団体向け課題プロジェクト支援事業があることを教えてもらい、直ちに申請をだし、7月7日に受理され、コーディネーター派遣事業が始まりました。
コーディネーターは㈱日本電脳の安田氏です。再度、ハッキングされない方法を探している最中であります。
プロバイダーはKDDIです。自社のサーバーで運営しているホームページです。レンタルではありません。
私は、ITの知識としては素人と思います。このウイルス感染したホームページは約10年前に全国中央会の支援事業でリニューアルしたホームページです。それから何もせず、放置状態でした。そろそろ、ホームページに手を加えないと行けない時期に来ていました。その矢先に海外アクセスでウイルスを入れられ感染しました。以上が経緯です。
景気が悪い最中、リーマンショックで事務局職員を7人リストラせざる負えない状況になり、ホームページ管理者が不在のまま、今日まできました。当組合の状況はリーマンショックのときは半分の売上高になり、現在、当時の70％まで回復しましたが、まだまだ現状は厳しく、ホームページにお金を掛ける余裕はありません。東京中央会の支援事業に感謝いたします。現在、2回目のコーディネーター派遣までで、ホームページのリニューアルの内容、方針が決まったところであります。まだ、始まったばかりですので、ハッキング、ウイルス予防をどの様にするか検討している最中であります。よろしくお願いします。",,"中小企業向けの一般論として緊急対応、恒久的対策を伝えた。
＝＝＝
現在既に、コーディネーターによる支援が始まっているようですので、具体的な対策はコーディネーターとご相談していただければと思います。

Webサーバがどんなウイルスに感染して、サーバ内のファイルを改ざんしたのか、メンテナンスする人や、外部から利用する人のPCに、ウイルスを感染させようとしているのかわからないので、一般論として原因究明と対応策の回答になりますのでご了承ください。

●Webサーバに不正アクセスされて、ウイルスが埋め込まれたのであれば、
★緊急対応として
・ただちにメンテナンス中の表示にしているようですが、外部からサーバへのアクセスが可能であれば、さらに重大なファイルの改ざんや不正プログラムが埋め込まれる可能性があります。ただちにサーバを止めて、再発防止策を講ずるべきです。
★原状保全（専門機関での調査分析のため）として
・原因調査のためにWebサーバのファイルをバックアップし保存する
★原因調査（なぜ情報セキュリティ侵害が起きたか）として
・Webサーバ内のファイルに改ざんされたものがないか、本来存在しないファイルがないかを確認する
・Webサーバに何らかの脆弱性があります。Webサーバのログ等を確認して、ファイル転送等、不正なアクセスを確認してください。
★復旧策として
・確認できた事象に対する再発防止のための改善策を、システムの専門家、コーディネータと相談して対応してください。

●届出
★「ハッキングされてウイルス感染した」という実被害がありますので、ウイルス・不正アクセス届出機関である「IPAセキュリティセンター」 https://www.ipa.go.jp/security/　03-5978-7518に届出ていただき、再発防止にご協力願えればと思います。
★また、電子計算機損壊等業務妨害罪等の犯罪の可能性もありますので、警視庁にご相談されることもお勧めします。

●恒久的対策（再発防止策）
★ルールの策定
・情報セキュリティ侵害の原因の多くが、人為的なミスもしくは悪意によるものです。
・最低限守るべきルールを明確にして、それを守らせることが重要です。

★セキュリティがわかるシステム管理者の確保
・厳しい財政事情のなかで、ITの導入、情報セキュリティ対策は二の次になる状況は理解しますが、何かあってからでは手遅れです。
・「ホームページ管理者が不在」ということですが、ホームページの構築、情報セキュリティ対策を外部に委託するにしても、専任でなくても発注者としてある程度の知見を持った人材が必要です。情報処理技術者試験の１つである「ITパスポート試験」に合格するレベルのスキルと知識を持った人材を確保することが望まれます。

●情報セキュリティ対策の重要性
・営業促進のためにホームページを立ち上げても、一度情報セキュリティ侵害に遭うと、復旧のための経済的損失、さらに社会的信用が失われ、事業の継続、組織の存立が脅かされる可能性があります。
・一般的に、事前に対策をするための費用に比べ、セキュリティ侵害が発生して対処する費用のほうが高くなります。
・Webサーバを立ち上げる投資に、情報セキュリティ対策を含めて実施することをお勧めします。",セキュリティ侵害を受けたシステムの運用を外部委託している企業に、団体向け課題プログラム支援事業のコーディネータ派遣をしてもらって対策をしている。,,,ガイドブックP.133,"■中小企業向けの一般論として緊急対応、恒久的対策

Webサーバがどんなウイルスに感染して、サーバ内のファイルを改ざんしたのか、メンテナンスする人や、外部から利用する人のPCに、ウイルスを感染させようとしているのかわからないので、一般論として原因究明と対応策の回答になりますのでご了承ください。

●Webサーバに不正アクセスされて、ウイルスが埋め込まれたのであれば、
★緊急対応として
・ただちにメンテナンス中の表示にしているようですが、外部からサーバへのアクセスが可能であれば、さらに重大なファイルの改ざんや不正プログラムが埋め込まれる可能性があります。ただちにサーバを止めて、再発防止策を講ずるべきです。
★原状保全（専門機関での調査分析のため）として
・原因調査のためにWebサーバのファイルをバックアップし保存する
★原因調査（なぜ情報セキュリティ侵害が起きたか）として
・Webサーバ内のファイルに改ざんされたものがないか、本来存在しないファイルがないかを確認する
・Webサーバに何らかの脆弱性があります。Webサーバのログ等を確認して、ファイル転送等、不正なアクセスを確認してください。
★復旧策として
・確認できた事象に対する再発防止のための改善策を、システムの専門家、コーディネータと相談して対応してください。

●届出
★「ハッキングされてウイルス感染した」という実被害がありますので、ウイルス・不正アクセス届出機関である「IPAセキュリティセンター」 https://www.ipa.go.jp/security/　03-5978-7518に届出ていただき、再発防止にご協力願えればと思います。
★また、電子計算機損壊等業務妨害罪等の犯罪の可能性もありますので、警視庁にご相談されることもお勧めします。

●恒久的対策（再発防止策）
★ルールの策定
・情報セキュリティ侵害の原因の多くが、人為的なミスもしくは悪意によるものです。
・最低限守るべきルールを明確にして、それを守らせることが重要です。

★セキュリティがわかるシステム管理者の確保
・厳しい財政事情のなかで、ITの導入、情報セキュリティ対策は二の次になる状況は理解しますが、何かあってからでは手遅れです。
・「ホームページ管理者が不在」ということですが、ホームページの構築、情報セキュリティ対策を外部に委託するにしても、専任でなくても発注者としてある程度の知見を持った人材が必要です。情報処理技術者試験の１つである「ITパスポート試験」に合格するレベルのスキルと知識を持った人材を確保することが望まれます。

●情報セキュリティ対策の重要性
・営業促進のためにホームページを立ち上げても、一度情報セキュリティ侵害に遭うと、復旧のための経済的損失、さらに社会的信用が失われ、事業の継続、組織の存立が脅かされる可能性があります。
・一般的に、事前に対策をするための費用に比べ、セキュリティ侵害が発生して対処する費用のほうが高くなります。
・Webサーバを立ち上げる投資に、情報セキュリティ対策を含めて実施することをお勧めします。",
101,23,3,02.全般的なサイバーセキュリティ対策の相談,013.技術的対策,ＦｏｒｔiＧａｔｅ(統合ＵＴＭ）導入している。ＵＴＭ製品に含まれるＦ/Ｗ機能とセキュリテイ全般について教えてください。,"・８台のＰＣをＦｏｒtiGate回線接続～外部レンタルサーバを利用している。
・各ＰＣにはウイルス対応ソフトを導入している。
・ＦｏｒｔｉＧａｔｅ製品内のＦ/Ｗ機能とＰＣウイルスソフト機能の相異を知りたい。
（今後クラウドサービスにシステム環境を移行する予定であるが、ＵＴＭ製品のＦ/Ｗ機能は不要になりますか？）",,"ＰＣウイルスソフトとＵＴＭ製品内Ｆ/Ｗ機能の違いを説明した。
クラウド移行時には、現Ｆ/Ｗ仕様についてその要件は、サービスベンダーとの再確認が必要であることを説明。",,,,ガイドブックP.56,,
102,27,2,02.全般的なサイバーセキュリティ対策の相談,013.技術的対策,知らない人から「NASの中身が丸見えです。指導料をください」旨のメールが来た。,"都内設計事務所の男性。
会社でNASを使って仕事をしており、外部からアクセスできるようにしていたが、面倒くさいのでパスワード等の設定をすることなく使っていた。
すると、知らない人から「shodanで検索したところ、お宅のNASの中身が丸見えなことがわかりました。指導料をください」との内容でメールが来て、NASのファイルリストのJPGが添付されていた。
今後、どうしたらよいでしょうか。",,"（１）NASをネットワークから切り離し別のストレージにバックアップを作製。そのストレージはバックアップ用として普段はネットワークに接続させない。
（２）NASの接続設定をしっかりと行い、パスワードは強力にする。
（３）外部から閲覧可能状態であったことから、ウィルス対策ソフトのパターンファイルを最新にして、NASや他のPCを含めて全てフルスキャンする。
（４）メールは無視してかまわないが、今後脅迫的な内容になり、法に触れるようなら警察に相談を。",,,,ガイドブックP.56,,
103,28,3,02.全般的なサイバーセキュリティ対策の相談,013.技術的対策,仮想サーバ（アマゾンクラウド）上のデータべースアクセスへの不具合。,"仮想サーバ上へ自社作成のＷｅｂ掲示板を配置している。
＜システム環境のインシデント状況＞
・４日～５日前からＷｅｂへのアクセス時間が長く遅延する。
・２日に一回程度データベース停止（障害）が発生する。
・データベースログを検索すると異常に長いＵＲＬが記録されている。
・現時点では、ホームページへの改ざん及びデータベース不整合（情報漏えい）は発生していない。
・データベースには個人情報が保管されていない。

ログ分析等インシデントの原因訴求方法を教えてください。",,"・ログ分析等事前の環境作成が必要な為、現状よりログ採取分析は作業負荷上対応が困難。
・仮想サーバ運用について、ネットワークへの不正アクセス攻撃の可能性があり、インシデント発生記録(時間）を確認しクラウドのサービスデスクへの問い合せを依頼。
・Ｗｅｂ掲示版への脆弱性チエックプログラムによる脆弱性検査実施を依頼した。",クラウド（ＩＳＰ含む）仮想サーバ等契約書ＳＬＡに記載されるサーバ管理責任の分岐点は案件別に確認する必要がある。,,,ガイドブックP.56,,
104,29,1,02.全般的なサイバーセキュリティ対策の相談,013.技術的対策,ハッキング攻撃を受けているのでその対策等を教えてもらいたい。,"１　9/22 16:00頃オフィシャルの会員サイトにおいて「クロスサイトスクリプティング」や「ハートブリード」攻撃を受けたため、運用を一時停止した。
２　オープン系のサーバにおいて、ＩＤとパスワードに総当たり攻撃を受けている。幸い、突破されていない。
攻撃者のＩＰを調べると、中国・ベトナム・ロシアなどからだった。
顧客情報等のデータベースをDMZ上に置いており、侵入されないか心配である。
ログは保存しており、上記の状態はログ上で確認している。
サーバはホスティングを利用している。",,"おそらくデータベースにアクセスするための攻撃と考えられるので、できればデータベースは隔離領域に移転させる必要性がある。　ログの保全を確実に実施。警察に相談する際は、時系列とログの提出が必要になるので整理しておくこと。
ＩＤとパスワードは、文字列を推測されにくいルールにして、いずれも文字数を多めにすることを徹底すること。",経営者と相談のうえ、警察に被害を届出る場合は、管轄警察署である大崎警察署に相談するよう教示した。,,,ガイドブックP.46,,
105,37,2,02.全般的なサイバーセキュリティ対策の相談,013.技術的対策,自社の環境のセキュリティ対策に不安がある。どのような対策を講ずればいいか？,"■現状
	・社内20台のPC
	・社内にNASサーバを設置
	・営業が外部からアクセス可能
	・社内にシステム管理の専門家はいない
	・運用を外部に委託している
	・本社の中国からリモートでメンテナンスできるようになっている","相談窓口にはどこまで相談ができるか？と質問があったが下記のように回答した。
・まずわかる範囲で即答する。
・個別製品、サービスは紹介できない
・より詳細な相談、及び届出先を紹介する","●現状を聞いた範囲で、リスクが残りそうな点を指摘した
・社内にシステム管理の専門家がいない点
・運用を外部に丸投げしている点
・社内にあるNASサーバを外部からアクセスしている点
・中国からリモートでアクセスできるようになっている点
●対応として
・運用を行っている業者ではなく、中立なITコーディネータに相談するのがいい",より詳細な情報を確認できれば、具体的な対策および相談先を伝えられると思われるので、一度来庁して頂ければ。,,,ガイドブックP.56,,
106,41,2,02.全般的なサイバーセキュリティ対策の相談,013.技術的対策,情報セキュリティシステム導入相談について,"セキュリlテイ導入に関して、Webで検索中です。
東京都の相談窓口では、具体的に導入に関してベンダーの選択や紹介等をお願いできますか？

※相談窓口では、個別のベンダー紹介等は実施していない事を説明。",,セキュリティシステム導入相談に関しては、組織の取組みや方針をヒアリングすることが必要であり、相談窓口での面談を依頼した。,相談窓口へのアポを別途社内調整し連絡しますとの返答でした。,,,,,
107,46,1,02.全般的なサイバーセキュリティ対策の相談,013.技術的対策,無線LANで自動接続されないようにするためには？,"一般に、誤って不審なメールの添付ファイルを開いた時、有線LANの場合には、直ちにLANケーブルをPCから外すように、私は以前の職場で教育を受けていました。その職場は、無線LANがなくすべて有線LANのため、そのような話になっていたと思います。
今回、無線LANの場合ですが、当該PCの外との接触を避けるためには、どのようにしたらいいのでしょうか。
無線LANの設定をはずす。PCをシャットダウンする。完全に動かないようにバッテリーや電源を外すなどあると思います。
有線LANの時には、シャットダウンすると、ウィルスの痕跡がなくなるとか言われて、LANケーブルの接続をPCから外すと言われたのですが、無線の場合、接続を切っても、ウィルスがまた接続するような気もして、シャットダウンの方が適切な対応のような気もするのですが、少しわかりかねています。",,"＞当該PCの外との接触を避けるためには、どのようにしたらいいのでしょうか。

無線LANの設定をはずす。PCをシャットダウンする。完全に動かないようにバッテリーや電源を外すなどあると思います。

Windowsのバージョンにより、多少操作は違いますが、タスクバーにあるネットワーク設定アイコンで無線LANを無効にできます。

＞有線LANの時には、シャットダウンすると、ウィルスの痕跡がなくなるとか言われて、LANケーブルの接続をPCから外すと言われたのですが、無線の場合、接続を切っても、ウィルスがまた接続するような気もして、シャットダウンの方が適切な対応のような気もする

シャットダウンすると一時的に保存している多くのファイルは削除されますが、原因究明のためにディスクの内容を保全して検証する段階でなければ、特に支障はないと思います。
シャットダウンしてもウイルスそのものが削除されませんから、再立ち上げ時には無線LANに接続されないようにする必要はあります。
無線LANを有効にしたまま再起動すると、再度無線LANのアクセスポイントへの接続を試みます
ウイルスによっては無線LANを有効にするものがあるかは確認できませんが、PCのWifi設定で登録されているアクセスポイントを削除すれば、暗号化キーが設定されたアクセスポイントには勝手に接続されません。
設定を変更していない場合は、他のPCの利用にも支障がありますが、無線LANのアクセスポイントの電源をOFFにすることにより、インターネットに接続することが不可能になります。",,,,ガイドブックP.56,,
108,47,2,02.全般的なサイバーセキュリティ対策の相談,013.技術的対策,システム上のトラフィックが増え応答が遅延する。,"ウイルス感染（異常なトラフィック）による不正通信の可能性について心配です。対応を教えてください。

・システム構成　PC　９０台　UTM～クラウド/ホステイング（NTT)　
・ブロードバンド回線はNTT閉域網

・PC　Windows　Update 最新を確認
※PC１台約半年未更新が判明　ネットワークより切り離す。
・UTMでの不正通信アラートは無い。
・ウイルスソフトでの異常検出は無い。

・メール関係　迷惑メール等は、フィルターブロック、添付File開封は運用で注意喚起している。

・ログ分析のスキルは社内にない。

・内部及び外部からの不正検知/連絡受付はない。",,"異常なトラフイックは１０月中頃より常時発生している。
ネットワーク障害とコネクトバックC2を切り分ける為、至急クラウドサービスへ不審なアクセス監視の対応を依頼。（NOCモニター要請）",,,,ガイドブックP.56,,
109,77,1,02.全般的なサイバーセキュリティ対策の相談,013.技術的対策,当社及びアメリカの取引会社のコンピータがハッキングを受けている可能性があり、ハッキング対策を教えてもらいたい。,"１　当社は、ネジの製造会社として、海外との取引をしている。
２　今回、アメリカの取引会社から「当社宛ての銀行口座がハッキングされ、１２万ドルの不正送金の被害を受けそうになった。」等と連絡を受けた。
３　当社の取引銀行からも、当社がハッキング被害を受けている可能性がある等と言われたが、実際当社については、被害は見つかっていないが、仮にハッキングを受けていたら困るので、対策等を教えてもらいたい。",,"１　現段階では、双方のどちらがハッキングを受けているか分からない状態である。双方のプロバイダを介して、異常があるかどうか確認をすること。
２　今後、不審なメールや添付ファイルを見たり、開いたりしないこと。
３　貴社がハッキングを受けた場合、管轄警察署に被害を届出ること。",海外によるハッキングの可能性もあり、警視庁サイバー犯罪対策課に事前相談をするよう教示した。,,,"ガイドブックP.48
ガイドブックP.62",,
110,79,3,02.全般的なサイバーセキュリティ対策の相談,013.技術的対策,特定のセキュリティ対策ソフト販売会社について,"㈱ネクスト社よりセキュリティ対策ソフトの売込みがあった。
この販売会社は信頼できるか教えてください。
尚、セキュリティに関して知識不足で対策ソフトを理解できません。

※中小企業団体中央会のセキュリティセミナーに参加しているので、東京都サイバーセキュリティ相談窓口を知りました。","株式会社ネクスト　通信機器販売会社(新宿区）
https://www.next-company.co.jp/company/","販売会社の信用度については、消費者ホットライン１８８番への問い合せを紹介した。
セキュリティ対策ソフトの内容確認についていはＩＰＡ相談窓口を案内した。",,,,ガイドブックP.50,,
111,83,3,02.全般的なサイバーセキュリティ対策の相談,013.技術的対策,ＵＴＭ製品について教えてください。,"弊社にＵＴＭを販売にきている。
セキュリテイに関してはシマンテックのウイルス対策ソフト導入しているが、ＵＴＭを購入する必要性について教えてください。
販売担当者は個人情報保護に有効と言っています。",,"個人使用ＰＣ環境ではセキュリティ対策ソフトでのウイルス対策は最低限です。
ＵＴＭ導入環境（ＷＡＦ）は業務上の重要情報や個人情報保護管理に関して情報漏洩等の対策にはより有効であることを説明した。",,,,ガイドブックP.56,,
112,91,1,02.全般的なサイバーセキュリティ対策の相談,013.技術的対策,"サイバー被害等を受けた場合、今後
被害を受けないための技術的対策を教えてもらいたい。","１　当社は、ウェブサイトのデザイン会社である。２　当社はサイバー被害等は受けてはいないが　、当社のクライアントが昨年ハッキング被害を受け、更に本年は、ウェブサイトをコピーされたりの著作権被害を受けた。
３　今後、クライアントがハッキングや著作権被害
等を受けないための技術的対策を教えてもらい、クライアントを安心させたい。",,"１　Webページをコピーされるような著作権被害等を受けないための技術的な対策はない。
２　著作権被害を受けた

場合の法律的な相談をする場所として、法テラス（日本司法支援センター）やハッキング被害等の一般的なセキュリティ対策については、ＩＰＡセキュリティーセンターに相談すること。更に、クライアントに対し、被害事実関係を管轄警察署に相談することが重要であること等を教示した。",「クライアントを安心させたい」との意向で当窓口に来庁されても、結局、専門の窓口を紹介することになりそうなので、適切と思われる窓口を紹介した。,,,,,
113,97,2,02.全般的なサイバーセキュリティ対策の相談,013.技術的対策,サイバー攻撃を検知する手段について,"自社内で数台のパソコンを運用しており、それぞれにウィルス対策ソフトを導入しているが、本日のセミナーでサイバー攻撃のデモを見て不安になった。
ウィルス対策ソフトで攻撃の検知ができるか知りたい。
また、そのほかの対策手段を教えてほしい。",,"ウィルス対策ソフトは有効ではあるが、最新のウィルス等には対応できない場合もある。
また、機能によっては攻撃のログを把握できない場合もある。
社内ネットワークに侵入検知装置などの導入を検討し、ネットワーク全体のセキュリティを高めることを助言した。",,,,ガイドブックP.50,,
114,116,2,02.全般的なサイバーセキュリティ対策の相談,013.技術的対策,クラウドサービス（AWS)利用に関してセキュリティ上の注意点について問合せ,"現在利用している業務パッケージシステムを見直し個別の業務システムを構築している。
今後システムをクラウドサービスへ移行（ＰａａＳ）を計画している。
クラウドサービス環境下でのセキュリティ上の考慮点について教えて下さい。
クラウドサービスへの接続予定端末約20台。
尚、今回は従業員のスマートフォンよりクラウドサービスへのアクセスを予定している。",,"クラウドサービス利用に関する一般事項について「サイバーセキュリティ経営ガイドライン解説書」ＩＰＡを紹介。
クラウドサービス業務全般のセキュイティ対策に関してはＩＴ専門家への問合せを要請し中小企業振興公社総合相談窓口（ＩＴ相談）を紹介した。",,,,ガイドブックP.122,,
115,119,3,02.全般的なサイバーセキュリティ対策の相談,013.技術的対策,東京都の補助金を受けられるか。,リスコンでもらったウェットティッシュを見て電話した。無線ＬＡＮの構築を検討しているがＵＴＭを勧められているのだが費用面できつい。従業員は２名。,,回答：無線かどうかはセキュリティ面で関係はない。従業員が２名ならば、ＵＴＭは過大な設備。無線ＬＡＮの暗号化とパスワード設定をきちんと行えばまずは十分。また、アンチウィルスソフトが入っているなら、その更新をきちんを行えば、最低限の対策にはなっている。,,,,ガイドブックP.56,,
116,126,2,02.全般的なサイバーセキュリティ対策の相談,013.技術的対策,使用しているパソコンの動きが悪いので、新しいシステムにした方が良いのかどうか教えてもらいたい。,"１　当社は、書籍出版会社である。
２　社内で、ウインドーズとマックのパソコン２台を使用している。
３　パソコン２台とも動きが悪い。何かのウイルスに感染して動きが悪いのか、ただ単なるシステム上なのかどうか原因が分からない。
４　原因について、ＩＰＡやパソコンメーカーに問い合わせたところ「動きが悪いだけでは、ウイルスに感染したかどうかは分からない。動きを速めるには、システムを新しくした方が良い。」との回答であった。
５　ＩＰＡやパソコンメーカーが言うように、システムを新しくした方が良いのか教えてもらいたい。",,"１　パソコンの動きが悪いだけでは、ウイルスに感染しているかどうかは分からない。
２　動きが悪い原因を解決するには、パソコン会社に直接原因を検査してもらうこと。
３　新しいシステムを導入するには、費用もかかるので、費用をかけても動きを速めたいのかを比較し、判断すること。４　ウイルス感染に係らず、必ず重要なデータは、バックアップしておくこと。
５　ウイルス感染対策として、最新のウイルス対策ソフトを更新することや不審なメール、ＵＲＬ添付ファイルを開かないことなどが大切である等を教示した。　",,,,ガイドブックP.48,,
117,131,2,02.全般的なサイバーセキュリティ対策の相談,013.技術的対策,ウイルス対策等のため、ＵＴМを導入した方が良いのかどうか教えてもらいたい。,"１　都庁ウェブサイトの「中小企業向けサイバーセキュリティー対策の極意」を読むと、ＵＴМを導入することで、外部への情報漏えいや被害拡大を防げる等と記載されている。
２　当社も、、ＵＴМを導入した方が良いのかどうか教えてもらいたい。",社内使用のパソコンは、５台。,"１　ネットワークとインターネット網との間の出入り口部分に、ＵＴМを導入することで、二重にセキュリティーを強め、外部への情報漏えいや被害拡大を防ぐことは出来ますが、ＵＴМを導入するには費用がかかります。
２　ＵＴМを導入するセキュリティー対策費用が、セキュリティー侵害による想定被害額を上回る場合の費用対効果を考慮に入れ、ＵＴМを導入するか否かを判断するよう教示した。",,,,ガイドブックP.56,,
118,132,3,02.全般的なサイバーセキュリティ対策の相談,013.技術的対策,"個人情報保護を強化する為に業者から勧められＦＷとサーバを購入した。
月額３万のリース契約。
費用的について適正であるか知りたい。","個人事業主として社会保険労務士をしています。
使用ＯＡ機器としてＰＣ１台を設置。
業務処理上、個人情報を多く保管しています。
最近業者に勧められファイアオールとサーバを個人情報保護環境を強化するために購入（リース）しました。
月額費用は概算３万/月発生しています。
費用面での一般的に適正であるか知りたい。",,"機器の購入費用についてその妥当性を
検証するのは難しい。
一般的な中小企業のＯＡ機器（セキュリティ対策を含む）の投資（費用）についての検証は専門家の判断が必要。
中小企業振興公社の経営相談窓口を紹介した。",,,,ガイドブックP.56,,
119,133,2,02.全般的なサイバーセキュリティ対策の相談,013.技術的対策,システムのクラウド化についてアドバイスしてほしい,"会社で職員の個人情報を管理している。
現在はネットワーク上のハードディスクに、定期的にバックアップを行っている。
今後、クラウド上にバックアップすることを検討しているが、効果はあるか。",,"バックアップの手段は多い方がよい。
資金に余裕があるなら、検討してみてもよいと思われる。

また、ネットワーク上のバックアップ先については、常時接続しておくと攻撃を受けた時に被害に遭う可能性がある。
バックアップの際以外はネットワークから切り離すようアドバイスした。",,,,ガイドブックP.122,,
120,157,2,02.全般的なサイバーセキュリティ対策の相談,013.技術的対策,スマホにもウイルス対策ソフトをインストールすべきか？,MVNOの格安SIMを使って経費を押さえているので、有料のウイルス対策ソフトは入れたくない。,,"・スマホであっても、ウイルスは存在し、また、問題のあるサイトへのアクセスも遮断することが望ましい。
・大手キャリアとの契約であれば、キャリアのサービスで、「安心パック」のようなものがある
・アプリの正規ストアで、無償のウイルス対策アプリも存在する。アプリの推奨はできないが、ウェブでの評判を参考にしてはどうか",,,,,,
121,66,4,02.全般的なサイバーセキュリティ対策の相談,015.緊急時対応,サイバー攻撃の被害届について,"サイバー攻撃の訓練シナリオを作成中です。
シナリオとして、サイバー攻撃を受けたが、情報流失はない。このケースは、被害届は出す必要があるのか？、判断を教えて下さい。",,具体的事象が確認できないので、所轄警察暑は、サイバー攻撃被害の相談として対応が可能と説明。,,,,ガイドブックP.133,,
122,84,3,02.全般的なサイバーセキュリティ対策の相談,018.セキュリティ人材確保,"システム管理者が不在です。
可能なセキュリティ対策について教えてください。","ＰＣ環境で６０台程度運用している。
システム運用については、ベンダーと保守契約中です。
セミナーで学んだランサムウェア等の対策は難しいです。",,"ベンダーとのシステム保守契約に関してセキュリティ対策項の再確認を依頼した。

今後のシステム運用（安全性）については、クラウドへの移行も含めてシステムベンダーと検討を進めた。",,,,ガイドブックP.79,,
123,60,1,02.全般的なサイバーセキュリティ対策の相談,04．情報漏えい全般,不正アクセスにより、顧客情報４万～５万件が情報漏えいされたが、対応策等について教えてもらいたい。,"１　本日午前１０時ころ、不正アクセスにより、ホームページを改ざんされ、顧客情報である、住所・氏名・生年月日・性別・電話番号・メールアドレスが４万～５万件が、２チャンネルに書き込まれたことを確認した。
２　顧客のクレジットカード番号は、取り扱っていないので、幸い情報漏えいはされていない。
３　最初に、２チャンネルに書き込まれた時期は分からないが、不正閲覧された日時は、本年元日の午後４時ころです。
４　他の社員が、管轄警察署である目黒警察署に被害届を提出に向かっているところです。
５　今後の対応策等を教えてもらいたい。　","１　社内所有のパソコンは、１５０台。
２　パソコンの管理レンタル会社は、ＫＤＤＩ系列のＣＰＩ（シーピーアイ）。","警視庁サイバーセキュリティー対策本部に即応した結果、対応策等すべて、同対策本部で処理することを確認済。
　　",,,,"ガイドブックP.133
ガイドブックP.48",,
124,68,4,02.全般的なサイバーセキュリティ対策の相談,04．情報漏えい全般,他社に、個人情報を委託管理してもらう場合の注意点を教えてもらいたい。,"１　他社が所有する採用面接用の動画である個人情報データを管理及び処理しているインターネット会社を営んでいる。
２　当社が、前記データを他社に一部管理委託したいと考えているが、その場合、どのようなことを注意して委託すれば良いか教えてもらいたい。",,"１　他社に対し、個人情報データを管理委託させる場合の注意すべきこと等については、政府機関であるＮＩＳＣ（ニスク）を参考にすること。
２　その他、一般的な情報セキュリティ相談をする場合、ＩＰＡ（アイピーエー）セキュリティ相談窓口があるので参考にすること等を教示した。",,,,ガイドブックP.79,,
125,69,2,02.全般的なサイバーセキュリティ対策の相談,04．情報漏えい全般,サイバー攻撃から、個人情報の流出を防ぐため、セキュリティ対策をした方が良いのか教えてもらいたい。,"１　３月１７日、品川区中央会主催のサイバーセキュリティ対策セミナーに参加した。
２　その際、警視庁サイバー犯罪対策課から配布されたチラシなどに「サイバー攻撃から個人情報の流出を防ぐため、最新のウイルス対策ソフトを入れるなど、セキュリティ対策に力を注いぐこと。」等の記載がありました。
３　当社も、個人情報を取り扱っているので、セキュリティ対策をした方が良いのでしょうか教えて下さい。",,"１　最近サイバー攻撃により、個人情報流出被害を受けた報道を耳にします。
２　個人情報の流出を防ぐため、セキュリティ対策は重要ですが、その対策としての費用がかかります。また、対策をしたからといって、サイバー攻撃から完全に防御できるということは無いということも頭の片隅に置いて下さい。
３　対策をしないより、対策をした方が良いことは間違いない事ですが、被害を受けた場合のリスクと対策費用との兼ね合いがあると思いますので、経営者と良く相談をして判断して下さい。　",,,,ガイドブックP.79,,
126,125,1,02.全般的なサイバーセキュリティ対策の相談,04．情報漏えい全般,インターネット上に、私自身の個人名と経歴が流出しているので、その削除方法等を教えてもらいたい。,"１　私は、企業等ではなく、単なる個人の者です。
２　以前会社の役員として在籍していたが、現在は、会社の役員を辞めている。
３　会社の役員として在籍していた時の私自身の個人名と経歴が、アキームという無関係なサイトに流出している。
４　アキームというサイトから流出している個人名や経歴を削除したいが、良い方法を教えてもらいたい。",,"１　アキームというサイト側に対し、無断で流出している個人名や経歴を削除してもらうよう依頼すること。
２　流出により被害を被った場合は、住居を管轄する警察署に被害届を提出すること。
３　一般的な情報セキュリティー相談として、ＩＰＡセキュリティーセンター安心相談窓口があることを併せて教示した。",,,,"ガイドブックP.133
ガイドブックP.48",,
127,55,4,02.全般的なサイバーセキュリティ対策の相談,09.参考情報,相談窓口でサイバーセキュリティ関係の資料閲覧及び入手できますか？,個別の相談案件ではなく、資料があれば閲覧したい。（特殊詐欺等含む）,１２月４日朝日新聞記事より相談窓口を知った。,"サイバーセキュリティ関係の閲覧資料は、現在保管していない。
相談案件であれば、内容により関係機関へ紹介は可能です。","12/7 16:10 相談窓口来庁
サイバー関係の資料（シンポジウムでの配布資料）を交付。
その他、仕事上心配なことがあるとのことであったが、サイバー以外の件は警察署の生活安全課に相談するように教示。相談者納得して帰宅。",,,,,
128,98,2,02.全般的なサイバーセキュリティ対策の相談,09.参考情報,信頼のおけるセキュリティベンダーを教えてほしい,"個人で使っているWindowsＰＣに、ウィルス対策ソフトの導入を考えている。
セキュリティベンダーで、東京都と付き合いがあるような信頼できる企業を教えてほしい。",,"都の公平性の観点から、特定の企業を紹介することはできないが、大手のセキュリティベンダーであれば、付き合いのある企業は多い。
まずは、一般的に知られているようなベンダー製のウィルス対策ソフトを検討し、導入を検討するよう教示した。",,,,,,
129,74,4,09.その他,01.相談窓口について,サイバーセキュリティ相談について,サイバーセキュリティ相談窓口の対応範囲について教えて下さい。,,"サイバーセキュリティに関する中小企業支援策について、事前相談が中心になる。

セキュリティ被害発生時については、相談内容により各専門窓口の紹介が中心になる対応を説明。",,,,,,
130,158,4,09.その他,01.相談窓口について,相談したのにたらいまわしにされた,"友人のＥＣサイトが成りすましの被害に遭った。
私が代わりに警察に電話したところ、対応できないと言われ、代わりに東京都の何課だか忘れたが、相談窓口の電話番号を教えてもらった。
相談窓口に電話し、資料を持って直接窓口に赴くことを告げたところ、「窓口対応はしていないので来られても困る。」と言われた。
警察や都では、一体何をしてもらえるのか。",,"相談者に対し、おそらくであるが、相談受理者は被害に遭った本人を交えて相談に来るよう申し向けたと思われることを説明。
警察でも窓口でも、本人が直接話をする方が内容が通じやすいことを説明したところ、相談者は「わかりました、今後そうします。」等と言って立ち去った。",,,,,,
131,16,4,09.その他,02.セミナー依頼,東京本部において、ランサムウエアの講習を実施してもらいたい,"新晃株式会社は、大阪府大阪市内に本社があり
支店として都内中央区浜町に東京本部を設置している。最近ランサムウエアのニュースを良く耳にするので、東京本部において、ランサムウエアに関する講習をしてもらえないか。",,警視庁サイバーセキュリティ対策本部に連絡した結果、警視庁で対応する旨の回答あり。,警視庁サイバーセキュリティ対策本部市川警部補に連絡済み。,,,,,
132,22,3,09.その他,02.セミナー依頼,サイバーセキュリティ研修に関して,"社内セミナー（研修会）での講師派遣につい依頼可能ですか？

セミナー内容は、スマホ携帯端末の使用についてセキュリティ上の観点から従業員に注意点を
教えてほしい。",,"依頼内容はスマホ等携帯端末のセキュリティ注意事項に関することであった。

スマートホンセキュリティに関する講師派遣は難しい。
簡易資料があれば利用したいとの希望があり、ＩＰＡのスマートホンセキュリティ資料を紹介し了承を得た。",,,,,,
133,40,4,09.その他,02.セミナー依頼,サイバーに関する講演をお願いしたい。,"１　来年２月に日本画像医療システム工業会の傘下会員に対し、サイバーに関する講演を予定しているが、その際、是非講演をお願いしたい。
２　講演に関する内容等については、今週水曜日午前１１時、直接都庁に出向き、担当者と会って説明をしたいと思います。",,"渡邊課長代理が、１１月１６日午前１１時００分から相談者と面談予定。

同日面談の結果、Tcyssにて講演する方向で検討開始。警視庁連絡ずみ",,,,,,
134,50,4,09.その他,02.セミナー依頼,会員に対するサイバーセキュリティーに関する講演をお願いしたい。,"１　最近、ランサムウエアなどのサイバー被害を報道等で耳にするので、当会員がサイバー被害等に遭わないため、その事前対策として、是非サイバーに関する講演をお願いしたい。
２　日程等については、おまかせしたいのでご検討をお願いしたい。",,"１　当局の方で、ティーサイスメンバーである警視庁サイバーセキュリティー対策本部に講演依頼をします。
２　日程等については、警視庁サイバーセキュリティー対策本部から相談者宛てに連絡をしてもらうので、その際日程等の調整をしていただきたい。",警視庁サイバーセキュリティー対策本部に連絡済み。,,,,,
135,76,4,09.その他,02.セミナー依頼,情報セキュリティセミナーでの講演依頼,"　相談者の会社は京都に所在するが、東京都内に複数の取引先があり、セキュリティ関連新製品の開発を機に、都内でセキュリティセミナーを実施している。
　Ｔｃｙｓｓや警視庁にセキュリティセミナーに参加してもらい、講演をしてもらうことは可能か。",,警視庁に連絡の上、対応チームに引き継いだ。,,,,,,
136,82,4,09.その他,02.セミナー依頼,ランサムウェアに対する講演依頼。,"１　当推進部は、中小企業ユーザー会員に対し、パソコンやコピーを販売推進している。
２　最近、中小企業ユーザー会員が、ランサムウェア被害にあっている。
３　ランサムウェア被害にあった会員を含め、被害にあっていない会員は、ランサムウェアの怖さやサイバーセキュリティーの重要性に欠けている。
４　ユーザー会員１００名～２００名を集め、ランサムウェアに対する講演を開催予定しているので、その際是非ランサムウェアの脅威等について講演を頂ければと思い足を運んだ次第です。","講演予定
　日時　今年１１月７日火曜日、
　場所　港区港南２－１６―６　キャノンＳタワー","１　ランサムウェアやサイバーセキュリティーに関する講演により、ユーザーのランサムウェアに対する認識が向上すれば、被害にあう機会もへるので良い試みだと思います。
２　警視庁とも検討の上、講演に対応できるよう努めたい。","6/26追記
警視庁CS本部で講師を派遣することとなった。
相談者連絡済。",,,,,
137,99,3,09.その他,02.セミナー依頼,社内セミナー開催時、情報セキュリティ関係の出前講師を派遣してほしい。,"9月に開催予定の社内セミナーにセキュリティ関連の講話を予定しています。
新聞記事に多く取り上げられる「ランサムウエア対策等」のセミナー講師の派遣を要請したい。",,"警視庁サイバーセキュリティ対策本部窓口へセミナー講師派遣を依頼。
※8月8日現在対策本部にて調整中。",,,,,,
138,106,4,09.その他,02.セミナー依頼,講演依頼,"弊社主催で、提携会社を２０社集める勉強会で講演をしてほしい。

日時は、平成２９年１０月５日（木）１３～１７時で、１５分から３０分ぐらいでお願いしたい。
場所は、サンシャイン文化会館７階　会議室７０８号です。

当日は情報管理や品質管理などの話を中心とした内容で、５０名ぐらいの参加となります。",,講演依頼として、警視庁ＣＳ本部に引き継いだ。,,,,,,
139,114,4,09.その他,02.セミナー依頼,セミナー開催依頼,三菱ふそう自動車のサプライヤー（部品メーカー）からなる協同組合の事務局をやっているが、組合員である経営者向けに、サイバーセキュリティに関するセミナーをやってほしい。,,警視庁に連絡し、セミナー開催を依頼した。相談者にも連絡済。,,,,,,
140,135,2,09.その他,02.セミナー依頼,セミナーを依頼することはできるか,"自社の加入している組合で、サイバーセキュリティセミナーを開催しようと考えている。
Ｔｃｙｓｓから講師を呼ぶことはできるか。",,"具体的な予定が決まれば、警視庁と協議して講師派遣をする。
予定が固まり次第、また連絡するとのことであった。",,,,,,
141,149,2,09.その他,02.セミナー依頼,セミナーを開催してもらいたいが、条件はあるか。,"警備会社で勤務している。
社内でサイバーセキュリティについて周知する必要があると考えている。
社内なので小規模になってしまうが、Ｔｃｙｓｓに依頼すればセミナーをやってもらえるのか。",,"以下の二点を教示。
・Ｔｃｙｓｓに加入している警視庁で、個社に対するセミナーも随時行っている。
・事務局に連絡してもらえれば、警視庁に連絡して調整するので、遠慮せず連絡してほしい。",,,,,,
142,75,4,09.その他,03.ガイドブック等の入手、活用,第二回Ｔｃｙｓｓセミナー資料の入手について,"社内教育用に当日のセミナー資料（ＯＨＰ電子媒体）を入手したい。
又他のセキュリティ教育用資料の配布は行っていますか？",,今回のセミナー資料（ＯＨＰスライド）については、一般公開（配布）は行っていないので、セキュリティ教育用資料に関してはＩＰＡのホームページを案内した。,,,,,,
143,124,5,09.その他,03.ガイドブック等の入手、活用,都庁発行のサイバーセキュリティーガイドブックを頂くことができるか。,"１　当社の本社は、広島県福山市にあるが、支店は、東京都内にある。
２　本社でも都庁発行のセキュリティーガイドを頂けるのか教えてもらいたい。",,"１　本社に配ることは出来ません。
２　支店が都内にあるので、支店の方から、コールセンターに電話をし、支店の方に郵送してもらうことはできます。
３　受付け開始は、１１月１５日水曜日からで、無料配布となります。",,,,,,
144,136,4,09.その他,03.ガイドブック等の入手、活用,「サイバーセキュリティ対策の極意」送付について,"突然小冊子が送られてきた（光村商事倉庫株式会社）
入手を要求していないので、送付理由を知りたい。",,"匿名でのクレーム。
東京都中小企業振興公社の送付経由を説明したが納得せず。
今後について送付台帳から抹消を要求するが氏名、住所を表明しない。
今後この様な郵送物は不要と発言し電話を切られた。
※送付台帳の電話番号より送付先確認済。",,,,,,
145,137,5,09.その他,03.ガイドブック等の入手、活用,ガイドブックＰＤＦを自社内で活用したい,"毎度お世話になっております。東京東信用金庫でサイバーセキュリティを担当する中川と申します。
先般御課で発行しました「中小企業向けサイバーセキュリティ対策の極意（以下、本書という。）」についてご相談させていただきたくご連絡いたしました。

本書について、当金庫セキュリティチームで拝見し、大変わかりやすくかつ敷居が高くない物だと認識しました。

本書は東京商工会議所等の会員へ配布されるとＨＰで拝見しました。当金庫の多くのお取引先にも届くものと推察しております。当金庫では金庫内のサイバーセキュリティ対策において、職員の知見を深める一環ためにｅラーニングなどを活用して学習をしております。

また、お取引先がインターネットバンキング取引を始めたいとお申し出いただいた際には、、セキュリティが確保された環境下のお取引先のみ、受諾させていただいております。

その様な状況下において、今回の配布に伴い、お取引先とのセキュリティについての会話の中で、配布された本書の内容に触れられた際に、「読んでおりません」「把握しておりません」というのも問題があると認識しております。

そこで、ＨＰで配布されているＰＤＦについてイントラ環境のｅラーニングシステムで適量に分割して、内容を本部・営業店に学習させようと企画しております。
つきましては、２次利用のご許可をいただくためには、どのような手続きが必要かご教授ください。都庁へ参上することも問題ありません。

地域のサイバーセキュリティ向上に当金庫も一助となりたいと考えております。是非、前向きなご回答をお願いできれば幸いです。",,"ＰＤＦの使用については許可は必要ない。
・営利目的に使用しないこと
・東京都の作成物であることを明記すること
以上を守るよう教示した。",,,,,,
146,2,4,09.その他,04.セキュリティ対象外,サイバー空間てなんですか？,２６日の新聞読んだんですけど、産業労働局長が話していた「サイバー空間の安全」のサイバーってなんですか？,,インターネットなどでつながったネットワーク上の空間のことです、と答えると無言のまま電話を切った。,,,,,,
147,33,4,09.その他,04.セキュリティ対象外,契約締結の際、印鑑証明や謄本をメールで送信しても悪用されたり、何らかの被害を受けないか教えてもらいたい。,"１　会社で、今後クレジットカードにより代金を回収するために「楽天ペイ」と契約したいと考えている。
２　契約に際し、楽天から「法人の場合、印鑑証明と謄本をメールで送信して欲しい。」と言われたが、印鑑証明や謄本など重要な物をメールしても悪用されたり、何らかの被害を受けないか教えてもらいたい。",会社を経営しているが、会社名等については匿名にしたい。,１　楽天ペイの担当山口宛て問合せた結果、当山口から「法人との契約締結に際し、事務手続きの簡略等から、印鑑証明と謄本をメールでもらっている。」との回答を得、メールに関する内容等についての問題はないことを確認した。２　今後、メールに関する内容等について、トラブルが発生した場合は、消費者ホットライン「１８８番」に相談するよう教示した。,,,,,,
148,34,4,09.その他,04.セキュリティ対象外,近隣の方からいじめを受けている,"近所の複数人の方から、悪口等のいじめの行動をとられている。メールで嫌がらせメールも届く。
息子も職場でいじめられている。
近くの交番に度々届けるが、最近は聞いてもらえない。所轄の高尾署にも出向いたが、何もしてもらえない。あまり相談すると申し訳ないとも思ってる。",,"嫌がらせメールに関しては、対処療法としてフィルタリングすることにより止められるが、本質的な解決にはならない。
相談先として、日本法令支援センター（法テラス）および、再度、高尾署に相談することを勧めた。",,,,,,
149,112,4,09.その他,04.セキュリティ対象外,Ｗｅｂアンケート代行業者（㈱ボイスノート：豊島区池袋）より不明な請求について,"㈱クリエイテイブジャパンの関連会社ボイスノート社とＷｅｂアンケートの委託契約（保証金5万）しました。
Ｗｅｂアンケートの仕組みよりネット回答した人に
はポイントを付与します。
回答数の上限を決め基準値を超えた場合には、費用が追加発生します。
９月２５日～２９日の期間で当社にアンケート回答基準値超えの請求書が送付されました。
短期間での請求に不審感があります。
ネット上の詐欺としての相談対応はできますか教えてください。
※消費生活センターから中企業振興公社を紹介され、都のサイバーセキュリティ相談窓口へ再紹介されています。",※㈱クリエイテイブジャパンはＷｅｂアンケート等の中堅会社,契約内容による判断は難しいので、所轄の警察暑又法テラスを紹介した。,,,,,,
150,115,4,09.その他,04.セキュリティ対象外,ネット広告会社との契約に不審感がある。,"インターネットアンケート広告会社と契約をした。
保証金5万　月間費用　5万　6ヶ月期間契約。
内容：広告会社が商品のアンケート依頼と購入マーケット展開を行う。

毎月のアンケート回収率や商品購入促進に関する作業が不透明のため、担当営業に連絡を取るが回答がない。
費用面で広告アンケート回収集計作業に不審がありクレーム(広告依頼主へのネット詐欺）をした。
ネット上で当該アンケート広告会社への非難が多く掲載されている。
ネット広告詐欺としての処置ができないか。

※相談者から対象会社名は㈱クリエイトジャパンとの報告があった。",㈱クリエイトジャパンのネット広告アンケート業務に関するクレーム相談を前月に1件登録済。,"契約に関する事項であり相談窓口では判断できない。
所轄署及び法テラスへの相談を進めた。",,,,,,
151,19,4,09.その他,05.電波系,インターネットに接続していないのに、遠隔操作できる方法を教えてもらいたい。,"自分が会社で使用しているパソコンは、インターネットには接続していないが、パソコン上に他人から書き込みされていることがある。インターネットに接続していなくても、遠隔から他人のパソコンに書き込みをする方法があると思うが、その方法を教えてもらいたい。会社名は匿名にしてもらいたい。

【8月15日再電話相談】
・５～６年前から使用ＰＣ２台、昨年購入１台
で業務に使用。現在はインターネット接続環境はない。（ＯＳバージョン未調査）
・ネット回線は、ＩＳＤＮ利用時（現光ネット回線）にインターネット接続が可能であった。
・その他、個人保有ＰＣ１台（「Windows８）無線ルータ接続ＷｉＦｉ有る。
・従来より使用してる（５～６年前より）ＰＣが外部接続さ、そのＰＣ保管データが盗まれている様子。
・ＩＳＤＮ回線（ＮＴＴ）使用時より同様な問題があった。","・古いＰＣに無線Ｌａｎ環境、及びＷｉＦＩネットワークカード等のインターネット接続機器は設定されていない。また外部から直接不正にＰＣを操作してデータを搾取さていると主張しているが、具体的根拠が曖昧であった。
・共有ファイルへの外部から不正アクセスを可能とするシステム構成ではない。
・問い合せ時に「データへの不正アクセス」対応としてＮＴＴ回線をＩＳＤＮから光へ変更との説明があつたので、ＮＴＴ相談窓口への再確認を依頼。","１、インターネットに接続していなければ遠隔からの書き込みはできないし、遠隔から書き込みする方法もない。
２、インターネットに接続の有無について、わかる人が、再確認をした後、再度電話するとのこと。","組織内に数台のPCがあり、何らかの形でLANには繋がっているようだ。
再度の連絡は1週間後になるかもしれない。",,,,,
152,30,2,09.その他,05.電波系,インターネットに接続している冷蔵庫とテレビの電源等が故障しているのどうしたらよいか教えてもらいたい。,"１　パソコンは正常に使用できるが、インターネットに接続している冷蔵庫とテレビの電源等が故障したので、電気屋に修理をしてもらったが、それでも冷蔵庫の電源やテレビの前を通るとザーという雑音がする状態である。
２　冷蔵庫とテレビの故障を直すにはどうしたら良いか教えてもらいたい。",,"１　パソコンが正常に使用できる状態であり、インターネット上何ら問題はないと思料される。
２　冷蔵庫の電源やテレビの雑音等の故障については、各メーカーに相談又は再度修理してもらうこと。
３　盗聴器が設置されているようであれば、管轄警察署に被害届を提出するよう教示した。",,,,,,
153,54,2,09.その他,05.電波系,家の中に設置してある冷蔵庫が発する雑音は、サイバー攻撃によるものか教えてもらいたい。,"１　家の中でパソコンを使用しているが、パソコンに異常はない。
２　冷蔵庫本体とインターネットの接続関係はない。
３　冷蔵庫本体に髪の毛が触れたり、冷蔵庫本体の近くで本を開いたりすると、冷蔵庫本体から「ザー」という雑音が発する。
４　冷蔵庫本体の故障の有無について、冷蔵庫製造会社に確認してもらっても、故障はなく、正常に作動しているとの結果であった。
５　留守中に他人が侵入した気配や盗聴されている気配等もあり、冷蔵庫本体の雑音は、外部からのサイバー攻撃によるものではないか教えてもらいたい。",,"１　パソコンに異常はないし、冷蔵庫とインタネットとの接続もないことから、冷蔵庫本体の雑音は、サイバー攻撃とは関係ないと判断できる。
２　冷蔵庫製造会社により、故障の有無について点検しても、正常に作動しており、故障の確認はできなかった。
３　他人が侵入した気配や盗聴されている気配等があれば、今後管轄警察署の生活相談に相談するよう教示した。",,,,,,
154,67,4,09.その他,05.電波系,携帯利用回線とハッキングについて,"携帯回線３G（らくらくホン）を使用しています。
ハッキングを防止する機能について教えてください。
会話が盗聴される可能性があるので。","相談内容と関係ない無い多種に渡る、要点不明の一方的な会話が約１時間継続した。
<例＞
・前職場（現在休職中）の労働時間及びその環境、携帯キャリアの風評などEtc。","・携帯電話の盗聴については、その安全性について、各キャリアがセキュリティを担保している事を説明。

・その他会話事項については、一方的（独善的）な説明のため対処不要であった。",,,,,,
155,89,4,09.その他,05.電波系,電源が入っていないパソコンを遠隔操作できるのか教えてもらいたい。,"１　個人と仕事の兼用として、携帯用パソコン（ＩＰＡＤ）を使用している。
２　電源を入れていないのに、勝手に電源が入ってパソコンが立上がったりした後、アドレスやパスワードを変えられ、画面を操作されること等、遠隔操作ができるのか教えてもらいたい。",警察署やパソコン販売店等にパソコンの操作方法等について相談したが、わからないと言われた。,"１　電源が入っていない以上、遠隔操作により、直接電源をいれることはできない。
２　パソコン販売店に相談してもわからないということでもあること等から、遠隔操作を確認してもらうため、ＩＰＡセキュリティーセンター相談窓口を案内した。",,,,,,
156,128,1,09.その他,05.電波系,フェイスブックなどのＩＤがハッキングされて困っている,"　私のフェイスブックＩＤ、YahooID、GoogleID、AppleIDなどがハッキングされ、乗っ取られてしまったようだ。
　乗っ取られたアカウントにより、妹が勤めている美容院のホットペッパーのページに、私の名前で妹の悪口が書かれてしまった。
　また、私は精神障害２級で、フェイスブック上でうつ病患者同士のコミュニティに入っているが、フェイスブックＩＤが乗っ取られ、意図しない書き込みをされてしまった結果、友達が半分に減ってしまった。
　買ってきたばかりのIpodも、ハッキングされてしまったようだ。
　深川警察署に行ったら、詳しい人がいないということで話を聞いてもらえなかった。",,"　相談者に対し、それぞれのサービスの運営元に連絡を取り、アカウントの停止措置を行うよう教示した。
　また、今後さらなる被害が発生した場合は、疎明資料をまとめた上で、サイバー犯罪対策課の相談窓口に電話するよう教示した。",,,,,,
157,129,2,09.その他,05.電波系,携帯に不審なポップアップや個人情報が表示される。,"①携帯に突然ＷｉＦｉ接続メッセージ(要求）が表示される。自分の携帯はＷｉＦｉ接続が必要ないので監視されているのか不安になる。
②携帯でニュースや就職情報を検索すると自分の個人情報が表示される場合があり個人情報が窃取されているのか不安である。","セキュリティ被害の状況説明が不明瞭（具体的でない）な為、相談事項を二点に絞った。

※説明事項が不安定であった。","相談事項①携帯購入店にてＷｉＦｉ不要設定を依頼。

相談事項②については、不審な画面（個人情報関連）が表示された場合には、その画面を写真に取り所轄警察に相談を依頼。",,,,,,
158,140,1,09.その他,05.電波系,個人情報が盗まれ迷惑しており、相談できる場所を捜しているので、相談先を教えてもらいたい。,"１　以前、ドコモと使用契約をしてアイホンを使用していたが、現在は、ドコモとの使用契約を解約し、他のメーカーのアイホンを使用している。
２　ドコモを使用していた際のメールアドレスが紐付けされ、現在使用しているアイホンに迷惑メールが送信されてくる状態である。
３　ドコモ店に対し、契約時の個人情報が漏れている可能性があるので、迷惑メール対策等を図ってもらいたいと訴えたが、ドコモ側から「解約した以上、対策等はできない」と言われた。
４　迷惑メール対策を図るための相談先を教えてもらいたい。",,"１　ドコモとの使用契約を解除した段階で、ドコモで使用していた際のメールアドレスは使用できなくなる。
２　解約した際のメールアドレスに送信されてくるとすれば、解約後、何らかの方法等により、メールアドレスが盗まれたものと思料される。
３　迷惑メール等の対策等を含め、日本司法支援センター(法テラス)に相談するよう教示した。",,,,,,
159,144,4,09.その他,05.電波系,終日第三者の話声が聞こえる。,"長年第三者の話声が聞こえ、監視されている様だ。保健所や警察に相談してるが問題が解決されない。
話し内容は色々あるが、命令口調や個人中傷がある。",,聞こえてくる内容を記録し所轄の警察へ相談にすることを進めた。,メンタル系の問題を抱えてる様子,,,,,
160,,,,,,,,,,,,,,
,,,,,,,,,,,,,,
